[{"model": "admin.logentry", "pk": 1, "fields": {"action_time": "2022-06-14T21:19:25.271Z", "user": 1, "content_type": 7, "object_id": "1", "object_repr": "bookwormparadise.example.com", "action_flag": 2, "change_message": "[{\"changed\": {\"fields\": [\"Domain name\", \"Display name\"]}}]"}}, {"model": "admin.logentry", "pk": 2, "fields": {"action_time": "2022-06-17T21:02:33.621Z", "user": 1, "content_type": 8, "object_id": "1", "object_repr": "olgajasinska89@hotmail.co.uk", "action_flag": 1, "change_message": "[{\"added\": {}}]"}}, {"model": "admin.logentry", "pk": 3, "fields": {"action_time": "2022-07-02T14:11:00.706Z", "user": 1, "content_type": 14, "object_id": "1", "object_repr": "Classics", "action_flag": 1, "change_message": "[{\"added\": {}}]"}}, {"model": "admin.logentry", "pk": 4, "fields": {"action_time": "2022-07-02T14:11:07.885Z", "user": 1, "content_type": 14, "object_id": "2", "object_repr": "Crime", "action_flag": 1, "change_message": "[{\"added\": {}}]"}}, {"model": "admin.logentry", "pk": 5, "fields": {"action_time": "2022-07-02T14:11:14.177Z", "user": 1, "content_type": 14, "object_id": "3", "object_repr": "Fantasy", "action_flag": 1, "change_message": "[{\"added\": {}}]"}}, {"model": "admin.logentry", "pk": 6, "fields": {"action_time": "2022-07-02T14:11:35.525Z", "user": 1, "content_type": 14, "object_id": "4", "object_repr": "Historical Fiction", "action_flag": 1, "change_message": "[{\"added\": {}}]"}}, {"model": "admin.logentry", "pk": 7, "fields": {"action_time": "2022-07-02T14:11:41.403Z", "user": 1, "content_type": 14, "object_id": "5", "object_repr": "Horror", "action_flag": 1, "change_message": "[{\"added\": {}}]"}}, {"model": "admin.logentry", "pk": 8, "fields": {"action_time": "2022-07-02T14:11:47.320Z", "user": 1, "content_type": 14, "object_id": "6", "object_repr": "Romance", "action_flag": 1, "change_message": "[{\"added\": {}}]"}}, {"model": "admin.logentry", "pk": 9, "fields": {"action_time": "2022-07-02T14:11:55.560Z", "user": 1, "content_type": 14, "object_id": "7", "object_repr": "Science-Fiction", "action_flag": 1, "change_message": "[{\"added\": {}}]"}}, {"model": "admin.logentry", "pk": 10, "fields": {"action_time": "2022-07-02T14:15:00.886Z", "user": 1, "content_type": 14, "object_id": "8", "object_repr": "Romace", "action_flag": 1, "change_message": "[{\"added\": {}}]"}}, {"model": "admin.logentry", "pk": 11, "fields": {"action_time": "2022-07-02T14:15:12.992Z", "user": 1, "content_type": 14, "object_id": "6", "object_repr": "Romance", "action_flag": 3, "change_message": ""}}, {"model": "admin.logentry", "pk": 12, "fields": {"action_time": "2022-07-02T14:15:18.493Z", "user": 1, "content_type": 14, "object_id": "8", "object_repr": "Romance", "action_flag": 2, "change_message": "[{\"changed\": {\"fields\": [\"Name\"]}}]"}}, {"model": "admin.logentry", "pk": 13, "fields": {"action_time": "2022-07-02T14:15:29.169Z", "user": 1, "content_type": 14, "object_id": "5", "object_repr": "Horror", "action_flag": 3, "change_message": ""}}, {"model": "admin.logentry", "pk": 14, "fields": {"action_time": "2022-07-02T14:15:37.240Z", "user": 1, "content_type": 14, "object_id": "9", "object_repr": "Horror", "action_flag": 1, "change_message": "[{\"added\": {}}]"}}, {"model": "admin.logentry", "pk": 15, "fields": {"action_time": "2022-07-02T14:15:52.801Z", "user": 1, "content_type": 14, "object_id": "4", "object_repr": "Historical Fiction", "action_flag": 3, "change_message": ""}}, {"model": "admin.logentry", "pk": 16, "fields": {"action_time": "2022-07-02T14:15:52.803Z", "user": 1, "content_type": 14, "object_id": "3", "object_repr": "Fantasy", "action_flag": 3, "change_message": ""}}, {"model": "admin.logentry", "pk": 17, "fields": {"action_time": "2022-07-02T14:15:52.804Z", "user": 1, "content_type": 14, "object_id": "2", "object_repr": "Crime", "action_flag": 3, "change_message": ""}}, {"model": "admin.logentry", "pk": 18, "fields": {"action_time": "2022-07-02T14:15:52.805Z", "user": 1, "content_type": 14, "object_id": "1", "object_repr": "Classics", "action_flag": 3, "change_message": ""}}, {"model": "admin.logentry", "pk": 19, "fields": {"action_time": "2022-07-02T14:16:04.230Z", "user": 1, "content_type": 14, "object_id": "10", "object_repr": "Historical Fiction", "action_flag": 1, "change_message": "[{\"added\": {}}]"}}, {"model": "admin.logentry", "pk": 20, "fields": {"action_time": "2022-07-02T14:16:18.552Z", "user": 1, "content_type": 14, "object_id": "11", "object_repr": "Fantasy", "action_flag": 1, "change_message": "[{\"added\": {}}]"}}, {"model": "admin.logentry", "pk": 21, "fields": {"action_time": "2022-07-02T14:16:25.939Z", "user": 1, "content_type": 14, "object_id": "12", "object_repr": "Crime", "action_flag": 1, "change_message": "[{\"added\": {}}]"}}, {"model": "admin.logentry", "pk": 22, "fields": {"action_time": "2022-07-02T14:16:33.045Z", "user": 1, "content_type": 14, "object_id": "13", "object_repr": "Classics", "action_flag": 1, "change_message": "[{\"added\": {}}]"}}, {"model": "admin.logentry", "pk": 23, "fields": {"action_time": "2022-07-02T14:25:18.423Z", "user": 1, "content_type": 13, "object_id": "1", "object_repr": "The Women of Troy by Pat Barker", "action_flag": 1, "change_message": "[{\"added\": {}}]"}}, {"model": "admin.logentry", "pk": 24, "fields": {"action_time": "2022-07-02T14:25:49.480Z", "user": 1, "content_type": 13, "object_id": "1", "object_repr": "The Women of Troy by Pat Barker", "action_flag": 2, "change_message": "[{\"changed\": {\"fields\": [\"Image\"]}}]"}}, {"model": "admin.logentry", "pk": 25, "fields": {"action_time": "2022-07-02T14:26:07.886Z", "user": 1, "content_type": 14, "object_id": "13", "object_repr": "classics", "action_flag": 2, "change_message": "[{\"changed\": {\"fields\": [\"Name\", \"Friendly name\"]}}]"}}, {"model": "admin.logentry", "pk": 26, "fields": {"action_time": "2022-07-02T14:26:20.415Z", "user": 1, "content_type": 14, "object_id": "12", "object_repr": "crime", "action_flag": 2, "change_message": "[{\"changed\": {\"fields\": [\"Name\", \"Friendly name\"]}}]"}}, {"model": "admin.logentry", "pk": 27, "fields": {"action_time": "2022-07-02T14:26:30.808Z", "user": 1, "content_type": 14, "object_id": "11", "object_repr": "fantasy", "action_flag": 2, "change_message": "[{\"changed\": {\"fields\": [\"Name\", \"Friendly name\"]}}]"}}, {"model": "admin.logentry", "pk": 28, "fields": {"action_time": "2022-07-02T14:26:47.019Z", "user": 1, "content_type": 14, "object_id": "10", "object_repr": "historical_fiction", "action_flag": 2, "change_message": "[{\"changed\": {\"fields\": [\"Name\", \"Friendly name\"]}}]"}}, {"model": "admin.logentry", "pk": 29, "fields": {"action_time": "2022-07-02T14:26:57.267Z", "user": 1, "content_type": 14, "object_id": "9", "object_repr": "horror", "action_flag": 2, "change_message": "[{\"changed\": {\"fields\": [\"Name\", \"Friendly name\"]}}]"}}, {"model": "admin.logentry", "pk": 30, "fields": {"action_time": "2022-07-02T14:27:05.942Z", "user": 1, "content_type": 14, "object_id": "8", "object_repr": "romance", "action_flag": 2, "change_message": "[{\"changed\": {\"fields\": [\"Name\", \"Friendly name\"]}}]"}}, {"model": "admin.logentry", "pk": 31, "fields": {"action_time": "2022-07-02T14:27:19.656Z", "user": 1, "content_type": 14, "object_id": "7", "object_repr": "science_fiction", "action_flag": 2, "change_message": "[{\"changed\": {\"fields\": [\"Name\", \"Friendly name\"]}}]"}}, {"model": "admin.logentry", "pk": 32, "fields": {"action_time": "2022-07-02T14:29:34.831Z", "user": 1, "content_type": 13, "object_id": "2", "object_repr": "Snow Country by Sebastian Faulks", "action_flag": 1, "change_message": "[{\"added\": {}}]"}}, {"model": "admin.logentry", "pk": 33, "fields": {"action_time": "2022-07-02T14:30:10.365Z", "user": 1, "content_type": 13, "object_id": "1", "object_repr": "The Women of Troy by Pat Barker", "action_flag": 2, "change_message": "[{\"changed\": {\"fields\": [\"Description\"]}}]"}}, {"model": "admin.logentry", "pk": 34, "fields": {"action_time": "2022-07-02T14:30:18.096Z", "user": 1, "content_type": 13, "object_id": "2", "object_repr": "Snow Country by Sebastian Faulks", "action_flag": 2, "change_message": "[]"}}, {"model": "admin.logentry", "pk": 35, "fields": {"action_time": "2022-07-02T15:02:09.860Z", "user": 1, "content_type": 13, "object_id": "3", "object_repr": "The Handmaid's Tale by Margaret Attwood", "action_flag": 1, "change_message": "[{\"added\": {}}]"}}, {"model": "admin.logentry", "pk": 36, "fields": {"action_time": "2022-07-02T15:02:24.846Z", "user": 1, "content_type": 13, "object_id": "3", "object_repr": "The Handmaid's Tale by Margaret Attwood", "action_flag": 2, "change_message": "[]"}}, {"model": "admin.logentry", "pk": 37, "fields": {"action_time": "2022-07-02T15:04:47.221Z", "user": 1, "content_type": 13, "object_id": "4", "object_repr": "Where The Crawdads Sing by Delia Owens", "action_flag": 1, "change_message": "[{\"added\": {}}]"}}, {"model": "admin.logentry", "pk": 38, "fields": {"action_time": "2022-07-02T15:09:11.998Z", "user": 1, "content_type": 13, "object_id": "5", "object_repr": "Verity by Colleen Hoover", "action_flag": 1, "change_message": "[{\"added\": {}}]"}}, {"model": "admin.logentry", "pk": 39, "fields": {"action_time": "2022-07-02T15:09:25.008Z", "user": 1, "content_type": 13, "object_id": "5", "object_repr": "Verity by Colleen Hoover", "action_flag": 2, "change_message": "[]"}}, {"model": "admin.logentry", "pk": 40, "fields": {"action_time": "2022-07-02T15:12:34.251Z", "user": 1, "content_type": 13, "object_id": "6", "object_repr": "Three Sisters by Heather Morris", "action_flag": 1, "change_message": "[{\"added\": {}}]"}}, {"model": "admin.logentry", "pk": 41, "fields": {"action_time": "2022-07-02T15:12:48.494Z", "user": 1, "content_type": 13, "object_id": "1", "object_repr": "The Women of Troy by Pat Barker", "action_flag": 2, "change_message": "[{\"changed\": {\"fields\": [\"Binding\", \"Price\"]}}]"}}, {"model": "admin.logentry", "pk": 42, "fields": {"action_time": "2022-07-02T15:12:55.686Z", "user": 1, "content_type": 13, "object_id": "2", "object_repr": "Snow Country by Sebastian Faulks", "action_flag": 2, "change_message": "[{\"changed\": {\"fields\": [\"Price\"]}}]"}}, {"model": "admin.logentry", "pk": 43, "fields": {"action_time": "2022-07-02T15:13:00.688Z", "user": 1, "content_type": 13, "object_id": "3", "object_repr": "The Handmaid's Tale by Margaret Attwood", "action_flag": 2, "change_message": "[]"}}, {"model": "admin.logentry", "pk": 44, "fields": {"action_time": "2022-07-02T15:13:08.228Z", "user": 1, "content_type": 13, "object_id": "4", "object_repr": "Where The Crawdads Sing by Delia Owens", "action_flag": 2, "change_message": "[{\"changed\": {\"fields\": [\"Price\"]}}]"}}, {"model": "admin.logentry", "pk": 45, "fields": {"action_time": "2022-07-02T15:13:20.959Z", "user": 1, "content_type": 13, "object_id": "5", "object_repr": "Verity by Colleen Hoover", "action_flag": 2, "change_message": "[{\"changed\": {\"fields\": [\"Price\"]}}]"}}, {"model": "admin.logentry", "pk": 46, "fields": {"action_time": "2022-07-02T15:13:27.318Z", "user": 1, "content_type": 13, "object_id": "6", "object_repr": "Three Sisters by Heather Morris", "action_flag": 2, "change_message": "[]"}}, {"model": "admin.logentry", "pk": 47, "fields": {"action_time": "2022-07-02T15:15:24.570Z", "user": 1, "content_type": 13, "object_id": "7", "object_repr": "Threadneedle by Cari Thomas", "action_flag": 1, "change_message": "[{\"added\": {}}]"}}, {"model": "admin.logentry", "pk": 48, "fields": {"action_time": "2022-07-02T15:17:05.368Z", "user": 1, "content_type": 13, "object_id": "8", "object_repr": "The Woman in Black by Susan Hill", "action_flag": 1, "change_message": "[{\"added\": {}}]"}}, {"model": "admin.logentry", "pk": 49, "fields": {"action_time": "2022-07-02T15:19:36.690Z", "user": 1, "content_type": 13, "object_id": "9", "object_repr": "Pride and Prejudice by Jane Austen", "action_flag": 1, "change_message": "[{\"added\": {}}]"}}, {"model": "admin.logentry", "pk": 50, "fields": {"action_time": "2022-07-02T15:19:48.905Z", "user": 1, "content_type": 13, "object_id": "1", "object_repr": "The Women of Troy by Pat Barker", "action_flag": 2, "change_message": "[{\"changed\": {\"fields\": [\"Sku\"]}}]"}}, {"model": "admin.logentry", "pk": 51, "fields": {"action_time": "2022-07-02T15:19:57.583Z", "user": 1, "content_type": 13, "object_id": "2", "object_repr": "Snow Country by Sebastian Faulks", "action_flag": 2, "change_message": "[{\"changed\": {\"fields\": [\"Sku\"]}}]"}}, {"model": "admin.logentry", "pk": 52, "fields": {"action_time": "2022-07-02T15:20:04.437Z", "user": 1, "content_type": 13, "object_id": "3", "object_repr": "The Handmaid's Tale by Margaret Attwood", "action_flag": 2, "change_message": "[{\"changed\": {\"fields\": [\"Sku\"]}}]"}}, {"model": "admin.logentry", "pk": 53, "fields": {"action_time": "2022-07-02T15:20:12.157Z", "user": 1, "content_type": 13, "object_id": "4", "object_repr": "Where The Crawdads Sing by Delia Owens", "action_flag": 2, "change_message": "[{\"changed\": {\"fields\": [\"Sku\"]}}]"}}, {"model": "admin.logentry", "pk": 54, "fields": {"action_time": "2022-07-02T15:20:17.345Z", "user": 1, "content_type": 13, "object_id": "4", "object_repr": "Where The Crawdads Sing by Delia Owens", "action_flag": 2, "change_message": "[]"}}, {"model": "admin.logentry", "pk": 55, "fields": {"action_time": "2022-07-02T15:20:26.117Z", "user": 1, "content_type": 13, "object_id": "5", "object_repr": "Verity by Colleen Hoover", "action_flag": 2, "change_message": "[{\"changed\": {\"fields\": [\"Sku\"]}}]"}}, {"model": "admin.logentry", "pk": 56, "fields": {"action_time": "2022-07-02T15:20:33.931Z", "user": 1, "content_type": 13, "object_id": "6", "object_repr": "Three Sisters by Heather Morris", "action_flag": 2, "change_message": "[{\"changed\": {\"fields\": [\"Sku\"]}}]"}}, {"model": "admin.logentry", "pk": 57, "fields": {"action_time": "2022-07-02T15:20:41.675Z", "user": 1, "content_type": 13, "object_id": "7", "object_repr": "Threadneedle by Cari Thomas", "action_flag": 2, "change_message": "[{\"changed\": {\"fields\": [\"Sku\"]}}]"}}, {"model": "admin.logentry", "pk": 58, "fields": {"action_time": "2022-07-02T15:20:50.034Z", "user": 1, "content_type": 13, "object_id": "8", "object_repr": "The Woman in Black by Susan Hill", "action_flag": 2, "change_message": "[{\"changed\": {\"fields\": [\"Sku\"]}}]"}}, {"model": "admin.logentry", "pk": 59, "fields": {"action_time": "2022-07-02T15:20:55.182Z", "user": 1, "content_type": 13, "object_id": "9", "object_repr": "Pride and Prejudice by Jane Austen", "action_flag": 2, "change_message": "[]"}}, {"model": "admin.logentry", "pk": 60, "fields": {"action_time": "2022-07-02T15:22:32.177Z", "user": 1, "content_type": 13, "object_id": "10", "object_repr": "The Thursday Murder Club by Richard Osman", "action_flag": 1, "change_message": "[{\"added\": {}}]"}}, {"model": "admin.logentry", "pk": 61, "fields": {"action_time": "2022-07-02T15:24:23.829Z", "user": 1, "content_type": 13, "object_id": "11", "object_repr": "The Song of Achilles by Madeleine Miller", "action_flag": 1, "change_message": "[{\"added\": {}}]"}}, {"model": "admin.logentry", "pk": 62, "fields": {"action_time": "2022-07-02T17:02:37.079Z", "user": 1, "content_type": 13, "object_id": "12", "object_repr": "Matrix by Lauren Groff", "action_flag": 1, "change_message": "[{\"added\": {}}]"}}, {"model": "admin.logentry", "pk": 63, "fields": {"action_time": "2022-07-02T17:06:45.517Z", "user": 1, "content_type": 13, "object_id": "13", "object_repr": "The Picture of Dorian Gray by Oscar Wilde", "action_flag": 1, "change_message": "[{\"added\": {}}]"}}, {"model": "admin.logentry", "pk": 64, "fields": {"action_time": "2022-07-02T17:12:02.647Z", "user": 1, "content_type": 13, "object_id": "14", "object_repr": "Little Women by Louisa May Alcott", "action_flag": 1, "change_message": "[{\"added\": {}}]"}}, {"model": "admin.logentry", "pk": 65, "fields": {"action_time": "2022-07-02T17:13:37.957Z", "user": 1, "content_type": 13, "object_id": "15", "object_repr": "Rebecca by Daphne du Maurier", "action_flag": 1, "change_message": "[{\"added\": {}}]"}}, {"model": "admin.logentry", "pk": 66, "fields": {"action_time": "2022-07-02T17:18:38.500Z", "user": 1, "content_type": 13, "object_id": "16", "object_repr": "Brave New World by Aldous Huxley", "action_flag": 1, "change_message": "[{\"added\": {}}]"}}, {"model": "admin.logentry", "pk": 67, "fields": {"action_time": "2022-07-02T17:20:22.442Z", "user": 1, "content_type": 13, "object_id": "17", "object_repr": "The Maidens by Alex Michaelides", "action_flag": 1, "change_message": "[{\"added\": {}}]"}}, {"model": "admin.logentry", "pk": 68, "fields": {"action_time": "2022-07-02T17:22:18.863Z", "user": 1, "content_type": 13, "object_id": "18", "object_repr": "Silverview by John le Carré", "action_flag": 1, "change_message": "[{\"added\": {}}]"}}, {"model": "admin.logentry", "pk": 69, "fields": {"action_time": "2022-07-02T17:24:25.372Z", "user": 1, "content_type": 13, "object_id": "19", "object_repr": "The Priory of the Orange Tree by Samantha Shannon", "action_flag": 1, "change_message": "[{\"added\": {}}]"}}, {"model": "admin.logentry", "pk": 70, "fields": {"action_time": "2022-07-02T17:25:47.222Z", "user": 1, "content_type": 13, "object_id": "20", "object_repr": "Piranesi by Susanna Clarke", "action_flag": 1, "change_message": "[{\"added\": {}}]"}}, {"model": "admin.logentry", "pk": 71, "fields": {"action_time": "2022-07-02T17:28:28.779Z", "user": 1, "content_type": 13, "object_id": "21", "object_repr": "Harry Potter and the Philosopher's Stone by Joanne Kathleen Rowling", "action_flag": 1, "change_message": "[{\"added\": {}}]"}}, {"model": "admin.logentry", "pk": 72, "fields": {"action_time": "2022-07-02T17:29:53.702Z", "user": 1, "content_type": 13, "object_id": "22", "object_repr": "Book of Night by Holly Black", "action_flag": 1, "change_message": "[{\"added\": {}}]"}}, {"model": "admin.logentry", "pk": 73, "fields": {"action_time": "2022-07-02T17:31:47.088Z", "user": 1, "content_type": 13, "object_id": "23", "object_repr": "The Shining by Stephen King", "action_flag": 1, "change_message": "[{\"added\": {}}]"}}, {"model": "admin.logentry", "pk": 74, "fields": {"action_time": "2022-07-02T17:34:44.505Z", "user": 1, "content_type": 13, "object_id": "24", "object_repr": "It by Stephen King", "action_flag": 1, "change_message": "[{\"added\": {}}]"}}, {"model": "admin.logentry", "pk": 75, "fields": {"action_time": "2022-07-02T17:36:22.810Z", "user": 1, "content_type": 13, "object_id": "25", "object_repr": "Dracula by Bram Stoker", "action_flag": 1, "change_message": "[{\"added\": {}}]"}}, {"model": "admin.logentry", "pk": 76, "fields": {"action_time": "2022-07-02T17:39:20.288Z", "user": 1, "content_type": 13, "object_id": "26", "object_repr": "The Haunting of Hill House by Shirley Jackson", "action_flag": 1, "change_message": "[{\"added\": {}}]"}}, {"model": "admin.logentry", "pk": 77, "fields": {"action_time": "2022-07-02T17:40:26.522Z", "user": 1, "content_type": 13, "object_id": "27", "object_repr": "Dune by Frank Herbert", "action_flag": 1, "change_message": "[{\"added\": {}}]"}}, {"model": "admin.logentry", "pk": 78, "fields": {"action_time": "2022-07-02T17:42:13.578Z", "user": 1, "content_type": 13, "object_id": "28", "object_repr": "The Hitchhiker's Guide to the Galaxy by Douglas Adams", "action_flag": 1, "change_message": "[{\"added\": {}}]"}}, {"model": "admin.logentry", "pk": 79, "fields": {"action_time": "2022-07-02T17:43:56.612Z", "user": 1, "content_type": 13, "object_id": "29", "object_repr": "Cursed Bunny by Bora Chung", "action_flag": 1, "change_message": "[{\"added\": {}}]"}}, {"model": "admin.logentry", "pk": 80, "fields": {"action_time": "2022-07-02T17:45:39.733Z", "user": 1, "content_type": 13, "object_id": "30", "object_repr": "The Seven Deaths of Evelyn Hardcastle by Stuart Turton", "action_flag": 1, "change_message": "[{\"added\": {}}]"}}, {"model": "admin.logentry", "pk": 81, "fields": {"action_time": "2022-07-02T17:47:16.417Z", "user": 1, "content_type": 13, "object_id": "31", "object_repr": "Beautiful World, Where Are You by Sally Rooney", "action_flag": 1, "change_message": "[{\"added\": {}}]"}}, {"model": "admin.logentry", "pk": 82, "fields": {"action_time": "2022-07-02T17:48:50.941Z", "user": 1, "content_type": 13, "object_id": "32", "object_repr": "The Seven Husbands of Evelyn Hugo by Taylor Jenkins Reid", "action_flag": 1, "change_message": "[{\"added\": {}}]"}}, {"model": "admin.logentry", "pk": 83, "fields": {"action_time": "2022-07-02T17:50:39.047Z", "user": 1, "content_type": 13, "object_id": "33", "object_repr": "Reminders of Him by Colleen Hoover", "action_flag": 1, "change_message": "[{\"added\": {}}]"}}, {"model": "admin.logentry", "pk": 84, "fields": {"action_time": "2022-07-02T17:52:03.723Z", "user": 1, "content_type": 13, "object_id": "34", "object_repr": "It Ends With Us by Colleen Hoover", "action_flag": 1, "change_message": "[{\"added\": {}}]"}}, {"model": "admin.logentry", "pk": 85, "fields": {"action_time": "2022-07-02T17:53:28.051Z", "user": 1, "content_type": 13, "object_id": "35", "object_repr": "Book Lovers by Emily Henry", "action_flag": 1, "change_message": "[{\"added\": {}}]"}}, {"model": "admin.logentry", "pk": 86, "fields": {"action_time": "2022-07-02T18:02:33.335Z", "user": 1, "content_type": 13, "object_id": "34", "object_repr": "It Ends With Us by Colleen Hoover", "action_flag": 2, "change_message": "[]"}}, {"model": "admin.logentry", "pk": 87, "fields": {"action_time": "2022-07-02T18:04:56.580Z", "user": 1, "content_type": 13, "object_id": "31", "object_repr": "Beautiful World, Where Are You by Sally Rooney", "action_flag": 2, "change_message": "[{\"changed\": {\"fields\": [\"Image url\"]}}]"}}, {"model": "admin.logentry", "pk": 88, "fields": {"action_time": "2022-07-02T18:05:09.189Z", "user": 1, "content_type": 13, "object_id": "31", "object_repr": "Beautiful World, Where Are You by Sally Rooney", "action_flag": 2, "change_message": "[]"}}, {"model": "admin.logentry", "pk": 89, "fields": {"action_time": "2022-07-02T18:05:27.437Z", "user": 1, "content_type": 13, "object_id": "35", "object_repr": "Book Lovers by Emily Henry", "action_flag": 2, "change_message": "[{\"changed\": {\"fields\": [\"Image url\"]}}]"}}, {"model": "admin.logentry", "pk": 90, "fields": {"action_time": "2022-07-02T18:05:47.301Z", "user": 1, "content_type": 13, "object_id": "22", "object_repr": "Book of Night by Holly Black", "action_flag": 2, "change_message": "[{\"changed\": {\"fields\": [\"Image url\"]}}]"}}, {"model": "admin.logentry", "pk": 91, "fields": {"action_time": "2022-07-02T18:06:09.355Z", "user": 1, "content_type": 13, "object_id": "16", "object_repr": "Brave New World by Aldous Huxley", "action_flag": 2, "change_message": "[{\"changed\": {\"fields\": [\"Image url\"]}}]"}}, {"model": "admin.logentry", "pk": 92, "fields": {"action_time": "2022-07-02T18:06:28.002Z", "user": 1, "content_type": 13, "object_id": "29", "object_repr": "Cursed Bunny by Bora Chung", "action_flag": 2, "change_message": "[{\"changed\": {\"fields\": [\"Image url\"]}}]"}}, {"model": "admin.logentry", "pk": 93, "fields": {"action_time": "2022-07-02T18:06:45.846Z", "user": 1, "content_type": 13, "object_id": "25", "object_repr": "Dracula by Bram Stoker", "action_flag": 2, "change_message": "[{\"changed\": {\"fields\": [\"Image url\"]}}]"}}, {"model": "admin.logentry", "pk": 94, "fields": {"action_time": "2022-07-02T18:07:11.989Z", "user": 1, "content_type": 13, "object_id": "27", "object_repr": "Dune by Frank Herbert", "action_flag": 2, "change_message": "[{\"changed\": {\"fields\": [\"Image url\"]}}]"}}, {"model": "admin.logentry", "pk": 95, "fields": {"action_time": "2022-07-02T18:07:32.457Z", "user": 1, "content_type": 13, "object_id": "21", "object_repr": "Harry Potter and the Philosopher's Stone by Joanne Kathleen Rowling", "action_flag": 2, "change_message": "[]"}}, {"model": "admin.logentry", "pk": 96, "fields": {"action_time": "2022-07-02T18:07:53.137Z", "user": 1, "content_type": 13, "object_id": "34", "object_repr": "It Ends With Us by Colleen Hoover", "action_flag": 2, "change_message": "[{\"changed\": {\"fields\": [\"Image url\"]}}]"}}, {"model": "admin.logentry", "pk": 97, "fields": {"action_time": "2022-07-02T18:08:12.019Z", "user": 1, "content_type": 13, "object_id": "24", "object_repr": "It by Stephen King", "action_flag": 2, "change_message": "[{\"changed\": {\"fields\": [\"Image url\"]}}]"}}, {"model": "admin.logentry", "pk": 98, "fields": {"action_time": "2022-07-02T18:08:32.198Z", "user": 1, "content_type": 13, "object_id": "14", "object_repr": "Little Women by Louisa May Alcott", "action_flag": 2, "change_message": "[{\"changed\": {\"fields\": [\"Image url\"]}}]"}}, {"model": "admin.logentry", "pk": 99, "fields": {"action_time": "2022-07-02T18:08:51.137Z", "user": 1, "content_type": 13, "object_id": "12", "object_repr": "Matrix by Lauren Groff", "action_flag": 2, "change_message": "[{\"changed\": {\"fields\": [\"Image url\"]}}]"}}, {"model": "admin.logentry", "pk": 100, "fields": {"action_time": "2022-07-02T18:09:09.771Z", "user": 1, "content_type": 13, "object_id": "20", "object_repr": "Piranesi by Susanna Clarke", "action_flag": 2, "change_message": "[{\"changed\": {\"fields\": [\"Image url\"]}}]"}}, {"model": "admin.logentry", "pk": 101, "fields": {"action_time": "2022-07-02T18:09:14.911Z", "user": 1, "content_type": 13, "object_id": "20", "object_repr": "Piranesi by Susanna Clarke", "action_flag": 2, "change_message": "[]"}}, {"model": "admin.logentry", "pk": 102, "fields": {"action_time": "2022-07-02T18:09:34.186Z", "user": 1, "content_type": 13, "object_id": "9", "object_repr": "Pride and Prejudice by Jane Austen", "action_flag": 2, "change_message": "[{\"changed\": {\"fields\": [\"Image url\"]}}]"}}, {"model": "admin.logentry", "pk": 103, "fields": {"action_time": "2022-07-02T18:09:54.500Z", "user": 1, "content_type": 13, "object_id": "15", "object_repr": "Rebecca by Daphne du Maurier", "action_flag": 2, "change_message": "[{\"changed\": {\"fields\": [\"Image url\"]}}]"}}, {"model": "admin.logentry", "pk": 104, "fields": {"action_time": "2022-07-02T18:10:14.720Z", "user": 1, "content_type": 13, "object_id": "33", "object_repr": "Reminders of Him by Colleen Hoover", "action_flag": 2, "change_message": "[{\"changed\": {\"fields\": [\"Image url\"]}}]"}}, {"model": "admin.logentry", "pk": 105, "fields": {"action_time": "2022-07-02T18:10:36.952Z", "user": 1, "content_type": 13, "object_id": "33", "object_repr": "Reminders of Him by Colleen Hoover", "action_flag": 2, "change_message": "[{\"changed\": {\"fields\": [\"Image\"]}}]"}}, {"model": "admin.logentry", "pk": 106, "fields": {"action_time": "2022-07-02T18:11:44.585Z", "user": 1, "content_type": 13, "object_id": "33", "object_repr": "Reminders of Him by Colleen Hoover", "action_flag": 2, "change_message": "[{\"changed\": {\"fields\": [\"Image url\"]}}]"}}, {"model": "admin.logentry", "pk": 107, "fields": {"action_time": "2022-07-02T18:12:20.317Z", "user": 1, "content_type": 13, "object_id": "18", "object_repr": "Silverview by John le Carré", "action_flag": 2, "change_message": "[{\"changed\": {\"fields\": [\"Image url\"]}}]"}}, {"model": "admin.logentry", "pk": 108, "fields": {"action_time": "2022-07-02T18:12:39.085Z", "user": 1, "content_type": 13, "object_id": "2", "object_repr": "Snow Country by Sebastian Faulks", "action_flag": 2, "change_message": "[{\"changed\": {\"fields\": [\"Image url\"]}}]"}}, {"model": "admin.logentry", "pk": 109, "fields": {"action_time": "2022-07-02T18:13:06.562Z", "user": 1, "content_type": 13, "object_id": "3", "object_repr": "The Handmaid's Tale by Margaret Attwood", "action_flag": 2, "change_message": "[{\"changed\": {\"fields\": [\"Image url\"]}}]"}}, {"model": "admin.logentry", "pk": 110, "fields": {"action_time": "2022-07-02T18:13:24.005Z", "user": 1, "content_type": 13, "object_id": "26", "object_repr": "The Haunting of Hill House by Shirley Jackson", "action_flag": 2, "change_message": "[{\"changed\": {\"fields\": [\"Image url\"]}}]"}}, {"model": "admin.logentry", "pk": 111, "fields": {"action_time": "2022-07-02T18:13:39.375Z", "user": 1, "content_type": 13, "object_id": "28", "object_repr": "The Hitchhiker's Guide to the Galaxy by Douglas Adams", "action_flag": 2, "change_message": "[{\"changed\": {\"fields\": [\"Image url\"]}}]"}}, {"model": "admin.logentry", "pk": 112, "fields": {"action_time": "2022-07-02T18:13:59.025Z", "user": 1, "content_type": 13, "object_id": "17", "object_repr": "The Maidens by Alex Michaelides", "action_flag": 2, "change_message": "[{\"changed\": {\"fields\": [\"Image url\"]}}]"}}, {"model": "admin.logentry", "pk": 113, "fields": {"action_time": "2022-07-02T18:14:26.842Z", "user": 1, "content_type": 13, "object_id": "13", "object_repr": "The Picture of Dorian Gray by Oscar Wilde", "action_flag": 2, "change_message": "[{\"changed\": {\"fields\": [\"Image url\"]}}]"}}, {"model": "admin.logentry", "pk": 114, "fields": {"action_time": "2022-07-02T18:14:46.174Z", "user": 1, "content_type": 13, "object_id": "19", "object_repr": "The Priory of the Orange Tree by Samantha Shannon", "action_flag": 2, "change_message": "[{\"changed\": {\"fields\": [\"Image url\"]}}]"}}, {"model": "admin.logentry", "pk": 115, "fields": {"action_time": "2022-07-02T18:15:06.695Z", "user": 1, "content_type": 13, "object_id": "30", "object_repr": "The Seven Deaths of Evelyn Hardcastle by Stuart Turton", "action_flag": 2, "change_message": "[{\"changed\": {\"fields\": [\"Image url\"]}}]"}}, {"model": "admin.logentry", "pk": 116, "fields": {"action_time": "2022-07-02T18:15:25.749Z", "user": 1, "content_type": 13, "object_id": "32", "object_repr": "The Seven Husbands of Evelyn Hugo by Taylor Jenkins Reid", "action_flag": 2, "change_message": "[{\"changed\": {\"fields\": [\"Image url\"]}}]"}}, {"model": "admin.logentry", "pk": 117, "fields": {"action_time": "2022-07-02T18:15:45.317Z", "user": 1, "content_type": 13, "object_id": "23", "object_repr": "The Shining by Stephen King", "action_flag": 2, "change_message": "[{\"changed\": {\"fields\": [\"Image url\"]}}]"}}, {"model": "admin.logentry", "pk": 118, "fields": {"action_time": "2022-07-02T18:16:07.449Z", "user": 1, "content_type": 13, "object_id": "11", "object_repr": "The Song of Achilles by Madeleine Miller", "action_flag": 2, "change_message": "[{\"changed\": {\"fields\": [\"Image url\"]}}]"}}, {"model": "admin.logentry", "pk": 119, "fields": {"action_time": "2022-07-02T18:16:27.985Z", "user": 1, "content_type": 13, "object_id": "10", "object_repr": "The Thursday Murder Club by Richard Osman", "action_flag": 2, "change_message": "[{\"changed\": {\"fields\": [\"Image url\"]}}]"}}, {"model": "admin.logentry", "pk": 120, "fields": {"action_time": "2022-07-02T18:16:52.739Z", "user": 1, "content_type": 13, "object_id": "8", "object_repr": "The Woman in Black by Susan Hill", "action_flag": 2, "change_message": "[{\"changed\": {\"fields\": [\"Image url\"]}}]"}}, {"model": "admin.logentry", "pk": 121, "fields": {"action_time": "2022-07-02T18:17:18.573Z", "user": 1, "content_type": 13, "object_id": "1", "object_repr": "The Women of Troy by Pat Barker", "action_flag": 2, "change_message": "[{\"changed\": {\"fields\": [\"Image url\"]}}]"}}, {"model": "admin.logentry", "pk": 122, "fields": {"action_time": "2022-07-02T18:17:36.387Z", "user": 1, "content_type": 13, "object_id": "7", "object_repr": "Threadneedle by Cari Thomas", "action_flag": 2, "change_message": "[{\"changed\": {\"fields\": [\"Image url\"]}}]"}}, {"model": "admin.logentry", "pk": 123, "fields": {"action_time": "2022-07-02T18:17:55.910Z", "user": 1, "content_type": 13, "object_id": "6", "object_repr": "Three Sisters by Heather Morris", "action_flag": 2, "change_message": "[{\"changed\": {\"fields\": [\"Image url\"]}}]"}}, {"model": "admin.logentry", "pk": 124, "fields": {"action_time": "2022-07-02T18:18:11.097Z", "user": 1, "content_type": 13, "object_id": "5", "object_repr": "Verity by Colleen Hoover", "action_flag": 2, "change_message": "[{\"changed\": {\"fields\": [\"Image url\"]}}]"}}, {"model": "admin.logentry", "pk": 125, "fields": {"action_time": "2022-07-02T18:18:29.340Z", "user": 1, "content_type": 13, "object_id": "4", "object_repr": "Where The Crawdads Sing by Delia Owens", "action_flag": 2, "change_message": "[{\"changed\": {\"fields\": [\"Image url\"]}}]"}}, {"model": "admin.logentry", "pk": 126, "fields": {"action_time": "2022-07-02T18:19:04.722Z", "user": 1, "content_type": 13, "object_id": "33", "object_repr": "Reminders of Him by Colleen Hoover", "action_flag": 2, "change_message": "[]"}}, {"model": "admin.logentry", "pk": 127, "fields": {"action_time": "2022-07-02T18:50:27.474Z", "user": 1, "content_type": 15, "object_id": "1", "object_repr": "user reviewed Beautiful World, Where Are You", "action_flag": 1, "change_message": "[{\"added\": {}}]"}}, {"model": "admin.logentry", "pk": 128, "fields": {"action_time": "2022-07-02T18:50:39.568Z", "user": 1, "content_type": 15, "object_id": "1", "object_repr": "user reviewed Beautiful World, Where Are You", "action_flag": 2, "change_message": "[]"}}, {"model": "admin.logentry", "pk": 129, "fields": {"action_time": "2022-07-03T10:25:36.699Z", "user": 1, "content_type": 13, "object_id": "36", "object_repr": "Light Seekers by Femi Kayode", "action_flag": 1, "change_message": "[{\"added\": {}}]"}}, {"model": "admin.logentry", "pk": 130, "fields": {"action_time": "2022-07-03T10:25:51.883Z", "user": 1, "content_type": 13, "object_id": "35", "object_repr": "Book Lovers by Emily Henry", "action_flag": 2, "change_message": "[]"}}, {"model": "admin.logentry", "pk": 131, "fields": {"action_time": "2022-07-03T10:26:08.335Z", "user": 1, "content_type": 13, "object_id": "36", "object_repr": "Light Seekers by Femi Kayode", "action_flag": 2, "change_message": "[{\"changed\": {\"fields\": [\"Image url\"]}}]"}}, {"model": "admin.logentry", "pk": 132, "fields": {"action_time": "2022-07-03T10:29:01.573Z", "user": 1, "content_type": 13, "object_id": "37", "object_repr": "The Fair Botanists by Sara Sheridan", "action_flag": 1, "change_message": "[{\"added\": {}}]"}}, {"model": "admin.logentry", "pk": 133, "fields": {"action_time": "2022-07-03T10:31:12.954Z", "user": 1, "content_type": 13, "object_id": "38", "object_repr": "The Poppy War by R. F. Kuang", "action_flag": 1, "change_message": "[{\"added\": {}}]"}}, {"model": "admin.logentry", "pk": 134, "fields": {"action_time": "2022-07-03T10:33:52.965Z", "user": 1, "content_type": 13, "object_id": "39", "object_repr": "April in Spain by John Banville", "action_flag": 1, "change_message": "[{\"added\": {}}]"}}, {"model": "admin.logentry", "pk": 135, "fields": {"action_time": "2022-07-03T10:40:08.458Z", "user": 1, "content_type": 13, "object_id": "40", "object_repr": "Middlemarch by George Eliot", "action_flag": 1, "change_message": "[{\"added\": {}}]"}}, {"model": "admin.logentry", "pk": 136, "fields": {"action_time": "2022-07-03T10:42:33.787Z", "user": 1, "content_type": 13, "object_id": "41", "object_repr": "Elektra by Jennifer Saint", "action_flag": 1, "change_message": "[{\"added\": {}}]"}}, {"model": "admin.logentry", "pk": 137, "fields": {"action_time": "2022-07-03T10:44:43.843Z", "user": 1, "content_type": 13, "object_id": "42", "object_repr": "The Dance Tree by Kiran Millwood Hargrave", "action_flag": 1, "change_message": "[{\"added\": {}}]"}}, {"model": "admin.logentry", "pk": 138, "fields": {"action_time": "2022-07-03T14:19:34.097Z", "user": 1, "content_type": 13, "object_id": "39", "object_repr": "April in Spain by John Banville", "action_flag": 2, "change_message": "[{\"changed\": {\"fields\": [\"Publisher\", \"Pages\", \"Description\"]}}]"}}, {"model": "admin.logentry", "pk": 139, "fields": {"action_time": "2022-07-03T14:19:39.858Z", "user": 1, "content_type": 13, "object_id": "39", "object_repr": "April in Spain by John Banville", "action_flag": 2, "change_message": "[]"}}, {"model": "admin.logentry", "pk": 140, "fields": {"action_time": "2022-07-03T14:20:14.549Z", "user": 1, "content_type": 13, "object_id": "31", "object_repr": "Beautiful World, Where Are You by Sally Rooney", "action_flag": 2, "change_message": "[{\"changed\": {\"fields\": [\"Publisher\", \"Pages\", \"Description\"]}}]"}}, {"model": "admin.logentry", "pk": 141, "fields": {"action_time": "2022-07-03T14:20:42.319Z", "user": 1, "content_type": 13, "object_id": "35", "object_repr": "Book Lovers by Emily Henry", "action_flag": 2, "change_message": "[{\"changed\": {\"fields\": [\"Publisher\", \"Pages\", \"Description\"]}}]"}}, {"model": "admin.logentry", "pk": 142, "fields": {"action_time": "2022-07-03T14:21:07.086Z", "user": 1, "content_type": 13, "object_id": "22", "object_repr": "Book of Night by Holly Black", "action_flag": 2, "change_message": "[{\"changed\": {\"fields\": [\"Publisher\", \"Pages\", \"Description\"]}}]"}}, {"model": "admin.logentry", "pk": 143, "fields": {"action_time": "2022-07-03T14:21:12.744Z", "user": 1, "content_type": 13, "object_id": "22", "object_repr": "Book of Night by Holly Black", "action_flag": 2, "change_message": "[]"}}, {"model": "admin.logentry", "pk": 144, "fields": {"action_time": "2022-07-03T14:23:05.874Z", "user": 1, "content_type": 13, "object_id": "16", "object_repr": "Brave New World by Aldous Huxley", "action_flag": 2, "change_message": "[{\"changed\": {\"fields\": [\"Publisher\", \"Pages\", \"Description\"]}}]"}}, {"model": "admin.logentry", "pk": 145, "fields": {"action_time": "2022-07-03T14:23:32.403Z", "user": 1, "content_type": 13, "object_id": "29", "object_repr": "Cursed Bunny by Bora Chung", "action_flag": 2, "change_message": "[{\"changed\": {\"fields\": [\"Publisher\", \"Description\"]}}]"}}, {"model": "admin.logentry", "pk": 146, "fields": {"action_time": "2022-07-03T14:23:35.416Z", "user": 1, "content_type": 13, "object_id": "29", "object_repr": "Cursed Bunny by Bora Chung", "action_flag": 2, "change_message": "[]"}}, {"model": "admin.logentry", "pk": 147, "fields": {"action_time": "2022-07-03T14:24:08.066Z", "user": 1, "content_type": 13, "object_id": "25", "object_repr": "Dracula by Bram Stoker", "action_flag": 2, "change_message": "[{\"changed\": {\"fields\": [\"Publisher\", \"Pages\", \"Description\"]}}]"}}, {"model": "admin.logentry", "pk": 148, "fields": {"action_time": "2022-07-03T14:24:30.755Z", "user": 1, "content_type": 13, "object_id": "27", "object_repr": "Dune by Frank Herbert", "action_flag": 2, "change_message": "[{\"changed\": {\"fields\": [\"Publisher\", \"Pages\", \"Description\"]}}]"}}, {"model": "admin.logentry", "pk": 149, "fields": {"action_time": "2022-07-03T14:24:51.687Z", "user": 1, "content_type": 13, "object_id": "41", "object_repr": "Elektra by Jennifer Saint", "action_flag": 2, "change_message": "[{\"changed\": {\"fields\": [\"Publisher\", \"Pages\", \"Description\"]}}]"}}, {"model": "admin.logentry", "pk": 150, "fields": {"action_time": "2022-07-03T14:25:19.249Z", "user": 1, "content_type": 13, "object_id": "21", "object_repr": "Harry Potter and the Philosopher's Stone by Joanne Kathleen Rowling", "action_flag": 2, "change_message": "[{\"changed\": {\"fields\": [\"Publisher\", \"Pages\", \"Description\"]}}]"}}, {"model": "admin.logentry", "pk": 151, "fields": {"action_time": "2022-07-03T14:25:42.086Z", "user": 1, "content_type": 13, "object_id": "24", "object_repr": "It by Stephen King", "action_flag": 2, "change_message": "[{\"changed\": {\"fields\": [\"Publisher\", \"Pages\", \"Description\"]}}]"}}, {"model": "admin.logentry", "pk": 152, "fields": {"action_time": "2022-07-03T14:26:03.910Z", "user": 1, "content_type": 13, "object_id": "34", "object_repr": "It Ends With Us by Colleen Hoover", "action_flag": 2, "change_message": "[{\"changed\": {\"fields\": [\"Publisher\", \"Pages\", \"Description\"]}}]"}}, {"model": "admin.logentry", "pk": 153, "fields": {"action_time": "2022-07-03T14:26:39.213Z", "user": 1, "content_type": 13, "object_id": "23", "object_repr": "The Shining by Stephen King", "action_flag": 2, "change_message": "[{\"changed\": {\"fields\": [\"Publisher\", \"Binding\", \"Pages\", \"Description\"]}}]"}}, {"model": "admin.logentry", "pk": 154, "fields": {"action_time": "2022-07-03T14:27:00.975Z", "user": 1, "content_type": 13, "object_id": "11", "object_repr": "The Song of Achilles by Madeleine Miller", "action_flag": 2, "change_message": "[{\"changed\": {\"fields\": [\"Publisher\", \"Pages\", \"Description\"]}}]"}}, {"model": "admin.logentry", "pk": 155, "fields": {"action_time": "2022-07-03T14:27:26.378Z", "user": 1, "content_type": 13, "object_id": "10", "object_repr": "The Thursday Murder Club by Richard Osman", "action_flag": 2, "change_message": "[{\"changed\": {\"fields\": [\"Publisher\", \"Pages\", \"Description\"]}}]"}}, {"model": "admin.logentry", "pk": 156, "fields": {"action_time": "2022-07-03T14:27:53.407Z", "user": 1, "content_type": 13, "object_id": "8", "object_repr": "The Woman in Black by Susan Hill", "action_flag": 2, "change_message": "[{\"changed\": {\"fields\": [\"Publisher\", \"Pages\", \"Description\"]}}]"}}, {"model": "admin.logentry", "pk": 157, "fields": {"action_time": "2022-07-03T14:28:16.606Z", "user": 1, "content_type": 13, "object_id": "1", "object_repr": "The Women of Troy by Pat Barker", "action_flag": 2, "change_message": "[{\"changed\": {\"fields\": [\"Publisher\", \"Pages\", \"Description\"]}}]"}}, {"model": "admin.logentry", "pk": 158, "fields": {"action_time": "2022-07-03T14:28:42.490Z", "user": 1, "content_type": 13, "object_id": "7", "object_repr": "Threadneedle by Cari Thomas", "action_flag": 2, "change_message": "[{\"changed\": {\"fields\": [\"Publisher\", \"Pages\", \"Description\"]}}]"}}, {"model": "admin.logentry", "pk": 159, "fields": {"action_time": "2022-07-03T14:29:02.947Z", "user": 1, "content_type": 13, "object_id": "36", "object_repr": "Light Seekers by Femi Kayode", "action_flag": 2, "change_message": "[{\"changed\": {\"fields\": [\"Publisher\", \"Pages\", \"Description\"]}}]"}}, {"model": "admin.logentry", "pk": 160, "fields": {"action_time": "2022-07-03T14:29:22.179Z", "user": 1, "content_type": 13, "object_id": "14", "object_repr": "Little Women by Louisa May Alcott", "action_flag": 2, "change_message": "[{\"changed\": {\"fields\": [\"Publisher\", \"Pages\", \"Description\"]}}]"}}, {"model": "admin.logentry", "pk": 161, "fields": {"action_time": "2022-07-03T14:29:52.863Z", "user": 1, "content_type": 13, "object_id": "12", "object_repr": "Matrix by Lauren Groff", "action_flag": 2, "change_message": "[{\"changed\": {\"fields\": [\"Publisher\", \"Pages\", \"Description\"]}}]"}}, {"model": "admin.logentry", "pk": 162, "fields": {"action_time": "2022-07-03T14:30:13.238Z", "user": 1, "content_type": 13, "object_id": "40", "object_repr": "Middlemarch by George Eliot", "action_flag": 2, "change_message": "[{\"changed\": {\"fields\": [\"Publisher\", \"Pages\", \"Description\"]}}]"}}, {"model": "admin.logentry", "pk": 163, "fields": {"action_time": "2022-07-03T14:30:45.046Z", "user": 1, "content_type": 13, "object_id": "20", "object_repr": "Piranesi by Susanna Clarke", "action_flag": 2, "change_message": "[{\"changed\": {\"fields\": [\"Publisher\", \"Pages\", \"Description\"]}}]"}}, {"model": "admin.logentry", "pk": 164, "fields": {"action_time": "2022-07-03T14:31:38.718Z", "user": 1, "content_type": 13, "object_id": "9", "object_repr": "Pride and Prejudice by Jane Austen", "action_flag": 2, "change_message": "[{\"changed\": {\"fields\": [\"Publisher\", \"Pages\"]}}]"}}, {"model": "admin.logentry", "pk": 165, "fields": {"action_time": "2022-07-03T14:31:57.214Z", "user": 1, "content_type": 13, "object_id": "15", "object_repr": "Rebecca by Daphne du Maurier", "action_flag": 2, "change_message": "[{\"changed\": {\"fields\": [\"Publisher\", \"Pages\", \"Description\"]}}]"}}, {"model": "admin.logentry", "pk": 166, "fields": {"action_time": "2022-07-03T14:32:23.184Z", "user": 1, "content_type": 13, "object_id": "33", "object_repr": "Reminders of Him by Colleen Hoover", "action_flag": 2, "change_message": "[{\"changed\": {\"fields\": [\"Publisher\", \"Pages\", \"Description\"]}}]"}}, {"model": "admin.logentry", "pk": 167, "fields": {"action_time": "2022-07-03T14:32:44.442Z", "user": 1, "content_type": 13, "object_id": "18", "object_repr": "Silverview by John le Carré", "action_flag": 2, "change_message": "[{\"changed\": {\"fields\": [\"Publisher\", \"Pages\", \"Description\"]}}]"}}, {"model": "admin.logentry", "pk": 168, "fields": {"action_time": "2022-07-03T14:33:05.702Z", "user": 1, "content_type": 13, "object_id": "2", "object_repr": "Snow Country by Sebastian Faulks", "action_flag": 2, "change_message": "[{\"changed\": {\"fields\": [\"Publisher\", \"Pages\", \"Description\"]}}]"}}, {"model": "admin.logentry", "pk": 169, "fields": {"action_time": "2022-07-03T14:33:25.503Z", "user": 1, "content_type": 13, "object_id": "42", "object_repr": "The Dance Tree by Kiran Millwood Hargrave", "action_flag": 2, "change_message": "[{\"changed\": {\"fields\": [\"Publisher\", \"Pages\", \"Description\"]}}]"}}, {"model": "admin.logentry", "pk": 170, "fields": {"action_time": "2022-07-03T14:33:46.088Z", "user": 1, "content_type": 13, "object_id": "37", "object_repr": "The Fair Botanists by Sara Sheridan", "action_flag": 2, "change_message": "[{\"changed\": {\"fields\": [\"Publisher\", \"Pages\", \"Description\"]}}]"}}, {"model": "admin.logentry", "pk": 171, "fields": {"action_time": "2022-07-03T14:34:07.806Z", "user": 1, "content_type": 13, "object_id": "3", "object_repr": "The Handmaid's Tale by Margaret Attwood", "action_flag": 2, "change_message": "[{\"changed\": {\"fields\": [\"Publisher\", \"Pages\", \"Description\"]}}]"}}, {"model": "admin.logentry", "pk": 172, "fields": {"action_time": "2022-07-03T14:34:22.934Z", "user": 1, "content_type": 13, "object_id": "26", "object_repr": "The Haunting of Hill House by Shirley Jackson", "action_flag": 2, "change_message": "[{\"changed\": {\"fields\": [\"Publisher\", \"Pages\", \"Description\"]}}]"}}, {"model": "admin.logentry", "pk": 173, "fields": {"action_time": "2022-07-03T14:34:36.556Z", "user": 1, "content_type": 13, "object_id": "28", "object_repr": "The Hitchhiker's Guide to the Galaxy by Douglas Adams", "action_flag": 2, "change_message": "[{\"changed\": {\"fields\": [\"Publisher\", \"Pages\"]}}]"}}, {"model": "admin.logentry", "pk": 174, "fields": {"action_time": "2022-07-03T14:34:55.331Z", "user": 1, "content_type": 13, "object_id": "17", "object_repr": "The Maidens by Alex Michaelides", "action_flag": 2, "change_message": "[{\"changed\": {\"fields\": [\"Publisher\", \"Pages\", \"Description\"]}}]"}}, {"model": "admin.logentry", "pk": 175, "fields": {"action_time": "2022-07-03T14:35:12.392Z", "user": 1, "content_type": 13, "object_id": "13", "object_repr": "The Picture of Dorian Gray by Oscar Wilde", "action_flag": 2, "change_message": "[{\"changed\": {\"fields\": [\"Publisher\", \"Pages\", \"Description\"]}}]"}}, {"model": "admin.logentry", "pk": 176, "fields": {"action_time": "2022-07-03T14:35:36.847Z", "user": 1, "content_type": 13, "object_id": "38", "object_repr": "The Poppy War by R. F. Kuang", "action_flag": 2, "change_message": "[{\"changed\": {\"fields\": [\"Publisher\", \"Pages\", \"Description\"]}}]"}}, {"model": "admin.logentry", "pk": 177, "fields": {"action_time": "2022-07-03T14:36:20.689Z", "user": 1, "content_type": 13, "object_id": "19", "object_repr": "The Priory of the Orange Tree by Samantha Shannon", "action_flag": 2, "change_message": "[{\"changed\": {\"fields\": [\"Publisher\", \"Pages\", \"Description\"]}}]"}}, {"model": "admin.logentry", "pk": 178, "fields": {"action_time": "2022-07-03T14:36:36.932Z", "user": 1, "content_type": 13, "object_id": "30", "object_repr": "The Seven Deaths of Evelyn Hardcastle by Stuart Turton", "action_flag": 2, "change_message": "[{\"changed\": {\"fields\": [\"Publisher\", \"Pages\", \"Description\"]}}]"}}, {"model": "admin.logentry", "pk": 179, "fields": {"action_time": "2022-07-03T14:37:15.841Z", "user": 1, "content_type": 13, "object_id": "32", "object_repr": "The Seven Husbands of Evelyn Hugo by Taylor Jenkins Reid", "action_flag": 2, "change_message": "[{\"changed\": {\"fields\": [\"Publisher\", \"Pages\", \"Description\"]}}]"}}, {"model": "admin.logentry", "pk": 180, "fields": {"action_time": "2022-07-03T14:37:31.396Z", "user": 1, "content_type": 13, "object_id": "6", "object_repr": "Three Sisters by Heather Morris", "action_flag": 2, "change_message": "[{\"changed\": {\"fields\": [\"Publisher\", \"Pages\", \"Description\"]}}]"}}, {"model": "admin.logentry", "pk": 181, "fields": {"action_time": "2022-07-03T14:37:50.372Z", "user": 1, "content_type": 13, "object_id": "5", "object_repr": "Verity by Colleen Hoover", "action_flag": 2, "change_message": "[{\"changed\": {\"fields\": [\"Publisher\", \"Pages\", \"Description\"]}}]"}}, {"model": "admin.logentry", "pk": 182, "fields": {"action_time": "2022-07-03T14:38:07.921Z", "user": 1, "content_type": 13, "object_id": "4", "object_repr": "Where The Crawdads Sing by Delia Owens", "action_flag": 2, "change_message": "[{\"changed\": {\"fields\": [\"Publisher\", \"Pages\", \"Description\"]}}]"}}, {"model": "admin.logentry", "pk": 183, "fields": {"action_time": "2022-07-03T15:49:46.415Z", "user": 1, "content_type": 13, "object_id": "15", "object_repr": "Rebecca by Daphne du Maurier", "action_flag": 2, "change_message": "[{\"changed\": {\"fields\": [\"Description\"]}}]"}}, {"model": "admin.logentry", "pk": 184, "fields": {"action_time": "2022-07-03T15:50:37.058Z", "user": 1, "content_type": 13, "object_id": "15", "object_repr": "Rebecca by Daphne du Maurier", "action_flag": 2, "change_message": "[{\"changed\": {\"fields\": [\"Description\"]}}]"}}, {"model": "admin.logentry", "pk": 185, "fields": {"action_time": "2022-07-10T12:59:44.453Z", "user": 1, "content_type": 13, "object_id": "43", "object_repr": "A Slow Fire Burning by Paula Hawkins", "action_flag": 1, "change_message": "[{\"added\": {}}]"}}, {"model": "admin.logentry", "pk": 186, "fields": {"action_time": "2022-07-10T13:03:21.792Z", "user": 1, "content_type": 13, "object_id": "44", "object_repr": "Orphans of the Storm by Celia Imrie", "action_flag": 1, "change_message": "[{\"added\": {}}]"}}, {"model": "admin.logentry", "pk": 187, "fields": {"action_time": "2022-07-10T13:07:57.551Z", "user": 1, "content_type": 13, "object_id": "45", "object_repr": "The House of Fortune by Jessie Burton", "action_flag": 1, "change_message": "[{\"added\": {}}]"}}, {"model": "admin.logentry", "pk": 188, "fields": {"action_time": "2022-07-10T13:18:21.637Z", "user": 1, "content_type": 13, "object_id": "45", "object_repr": "The House of Fortune by Jessie Burton", "action_flag": 2, "change_message": "[{\"changed\": {\"fields\": [\"Image\"]}}]"}}, {"model": "admin.logentry", "pk": 189, "fields": {"action_time": "2022-07-10T22:18:48.815Z", "user": 1, "content_type": 13, "object_id": "46", "object_repr": "Babel by R. F. Kuang", "action_flag": 1, "change_message": "[{\"added\": {}}]"}}, {"model": "admin.logentry", "pk": 190, "fields": {"action_time": "2022-07-10T22:19:33.565Z", "user": 1, "content_type": 13, "object_id": "43", "object_repr": "A Slow Fire Burning by Paula Hawkins", "action_flag": 2, "change_message": "[]"}}, {"model": "admin.logentry", "pk": 191, "fields": {"action_time": "2022-07-10T22:22:59.085Z", "user": 1, "content_type": 13, "object_id": "47", "object_repr": "The Lord of the Rings by J. R. R. Tolkien", "action_flag": 1, "change_message": "[{\"added\": {}}]"}}, {"model": "admin.logentry", "pk": 192, "fields": {"action_time": "2022-07-11T19:31:37.354Z", "user": 1, "content_type": 13, "object_id": "48", "object_repr": "The Silmarillion by J. R. R. Tolkien", "action_flag": 1, "change_message": "[{\"added\": {}}]"}}, {"model": "admin.logentry", "pk": 193, "fields": {"action_time": "2022-07-11T19:35:27.622Z", "user": 1, "content_type": 13, "object_id": "49", "object_repr": "The Great Gatsby by F. Scott Fitzgerald", "action_flag": 1, "change_message": "[{\"added\": {}}]"}}, {"model": "admin.logentry", "pk": 194, "fields": {"action_time": "2022-07-11T19:39:01.884Z", "user": 1, "content_type": 13, "object_id": "36", "object_repr": "Light Seekers by Femi Kayode", "action_flag": 2, "change_message": "[{\"changed\": {\"fields\": [\"Image\"]}}]"}}, {"model": "admin.logentry", "pk": 195, "fields": {"action_time": "2022-07-11T19:41:33.837Z", "user": 1, "content_type": 13, "object_id": "12", "object_repr": "Matrix by Lauren Groff", "action_flag": 2, "change_message": "[{\"changed\": {\"fields\": [\"Image\"]}}]"}}, {"model": "admin.logentry", "pk": 196, "fields": {"action_time": "2022-07-11T19:41:52.759Z", "user": 1, "content_type": 13, "object_id": "42", "object_repr": "The Dance Tree by Kiran Millwood Hargrave", "action_flag": 2, "change_message": "[{\"changed\": {\"fields\": [\"Image\"]}}]"}}, {"model": "admin.logentry", "pk": 197, "fields": {"action_time": "2022-07-11T19:42:09.805Z", "user": 1, "content_type": 13, "object_id": "17", "object_repr": "The Maidens by Alex Michaelides", "action_flag": 2, "change_message": "[{\"changed\": {\"fields\": [\"Image\"]}}]"}}, {"model": "admin.logentry", "pk": 198, "fields": {"action_time": "2022-07-11T22:34:55.777Z", "user": 1, "content_type": 13, "object_id": "50", "object_repr": "Animal Farm by George Orwell", "action_flag": 1, "change_message": "[{\"added\": {}}]"}}, {"model": "admin.logentry", "pk": 199, "fields": {"action_time": "2022-07-12T12:35:56.036Z", "user": 1, "content_type": 13, "object_id": "51", "object_repr": "And Then There Were None by Agatha Christie", "action_flag": 1, "change_message": "[{\"added\": {}}]"}}, {"model": "admin.logentry", "pk": 200, "fields": {"action_time": "2022-07-12T12:39:59.201Z", "user": 1, "content_type": 13, "object_id": "52", "object_repr": "The Master and Margarita by Mikhail Bulgakov", "action_flag": 1, "change_message": "[{\"added\": {}}]"}}, {"model": "admin.logentry", "pk": 201, "fields": {"action_time": "2022-07-12T12:42:21.729Z", "user": 1, "content_type": 13, "object_id": "53", "object_repr": "PS, I Love You by Cecelia Ahern", "action_flag": 1, "change_message": "[{\"added\": {}}]"}}, {"model": "admin.logentry", "pk": 202, "fields": {"action_time": "2022-07-12T12:45:29.391Z", "user": 1, "content_type": 13, "object_id": "54", "object_repr": "Bridgerton: The Duke and I by Julia Quinn", "action_flag": 1, "change_message": "[{\"added\": {}}]"}}, {"model": "admin.logentry", "pk": 203, "fields": {"action_time": "2022-07-12T12:45:42.230Z", "user": 1, "content_type": 13, "object_id": "54", "object_repr": "Bridgerton: The Duke and I by Julia Quinn", "action_flag": 2, "change_message": "[{\"changed\": {\"fields\": [\"Image\"]}}]"}}, {"model": "admin.logentry", "pk": 204, "fields": {"action_time": "2022-07-12T20:37:39.353Z", "user": 1, "content_type": 15, "object_id": "1", "object_repr": "user on 2022-07-02 18:50:27.473356+00:00", "action_flag": 2, "change_message": "[]"}}, {"model": "admin.logentry", "pk": 205, "fields": {"action_time": "2022-07-12T20:38:13.992Z", "user": 1, "content_type": 15, "object_id": "2", "object_repr": "user on 2022-07-12 20:38:13.991889+00:00", "action_flag": 1, "change_message": "[{\"added\": {}}]"}}, {"model": "admin.logentry", "pk": 206, "fields": {"action_time": "2022-07-13T19:42:28.156Z", "user": 1, "content_type": 15, "object_id": "3", "object_repr": "user on 2022-07-13 19:42:28.155440+00:00", "action_flag": 1, "change_message": "[{\"added\": {}}]"}}, {"model": "admin.logentry", "pk": 207, "fields": {"action_time": "2022-07-14T11:36:18.798Z", "user": 1, "content_type": 15, "object_id": "4", "object_repr": "user on 2022-07-14 11:36:18.798009+00:00", "action_flag": 1, "change_message": "[{\"added\": {}}]"}}, {"model": "admin.logentry", "pk": 208, "fields": {"action_time": "2022-07-14T12:53:04.981Z", "user": 1, "content_type": 15, "object_id": "5", "object_repr": "user on 2022-07-14 12:52:12.878445+00:00", "action_flag": 3, "change_message": ""}}, {"model": "admin.logentry", "pk": 209, "fields": {"action_time": "2022-07-14T12:53:13.431Z", "user": 1, "content_type": 15, "object_id": "4", "object_repr": "user on 2022-07-14 11:36:18.798009+00:00", "action_flag": 3, "change_message": ""}}, {"model": "admin.logentry", "pk": 210, "fields": {"action_time": "2022-07-14T22:00:02.320Z", "user": 1, "content_type": 15, "object_id": "14", "object_repr": "user on 2022-07-14 19:37:21.089859+00:00", "action_flag": 3, "change_message": ""}}, {"model": "admin.logentry", "pk": 211, "fields": {"action_time": "2022-07-14T22:00:02.331Z", "user": 1, "content_type": 15, "object_id": "13", "object_repr": "user on 2022-07-14 19:36:35.962662+00:00", "action_flag": 3, "change_message": ""}}, {"model": "admin.logentry", "pk": 212, "fields": {"action_time": "2022-07-14T22:00:02.332Z", "user": 1, "content_type": 15, "object_id": "12", "object_repr": "user on 2022-07-14 19:35:59.913157+00:00", "action_flag": 3, "change_message": ""}}, {"model": "admin.logentry", "pk": 213, "fields": {"action_time": "2022-07-14T22:00:02.338Z", "user": 1, "content_type": 15, "object_id": "11", "object_repr": "user on 2022-07-14 19:35:06.394960+00:00", "action_flag": 3, "change_message": ""}}, {"model": "admin.logentry", "pk": 214, "fields": {"action_time": "2022-07-14T22:00:02.341Z", "user": 1, "content_type": 15, "object_id": "10", "object_repr": "user on 2022-07-14 19:32:55.375387+00:00", "action_flag": 3, "change_message": ""}}, {"model": "admin.logentry", "pk": 215, "fields": {"action_time": "2022-07-14T22:00:02.344Z", "user": 1, "content_type": 15, "object_id": "9", "object_repr": "user on 2022-07-14 19:24:51.637228+00:00", "action_flag": 3, "change_message": ""}}, {"model": "admin.logentry", "pk": 216, "fields": {"action_time": "2022-07-14T22:00:02.355Z", "user": 1, "content_type": 15, "object_id": "6", "object_repr": "user on 2022-07-14 12:54:49.876551+00:00", "action_flag": 3, "change_message": ""}}, {"model": "admin.logentry", "pk": 217, "fields": {"action_time": "2022-07-15T22:16:26.064Z", "user": 1, "content_type": 4, "object_id": "2", "object_repr": "Olga", "action_flag": 2, "change_message": "[{\"changed\": {\"fields\": [\"Staff status\"]}}]"}}, {"model": "admin.logentry", "pk": 218, "fields": {"action_time": "2022-07-16T15:21:58.668Z", "user": 1, "content_type": 15, "object_id": "22", "object_repr": "user on 2022-07-15 22:11:47.296381+00:00", "action_flag": 3, "change_message": ""}}, {"model": "admin.logentry", "pk": 219, "fields": {"action_time": "2022-07-16T15:21:58.688Z", "user": 1, "content_type": 15, "object_id": "21", "object_repr": "user on 2022-07-15 22:11:40.336674+00:00", "action_flag": 3, "change_message": ""}}, {"model": "admin.logentry", "pk": 220, "fields": {"action_time": "2022-07-16T15:21:58.708Z", "user": 1, "content_type": 15, "object_id": "19", "object_repr": "user on 2022-07-15 22:01:14.866892+00:00", "action_flag": 3, "change_message": ""}}, {"model": "admin.logentry", "pk": 221, "fields": {"action_time": "2022-07-18T15:35:49.630Z", "user": 1, "content_type": 16, "object_id": "3", "object_repr": "B1462D4692FD42568EAD68DA8683C330", "action_flag": 3, "change_message": ""}}, {"model": "admin.logentry", "pk": 222, "fields": {"action_time": "2022-07-18T15:51:07.055Z", "user": 1, "content_type": 16, "object_id": "6", "object_repr": "0FC61530D23341868E4494109BCFC8F7", "action_flag": 2, "change_message": "[{\"added\": {\"name\": \"order line item\", \"object\": \"SKU 36943040 on order 0FC61530D23341868E4494109BCFC8F7\"}}]"}}, {"model": "admin.logentry", "pk": 223, "fields": {"action_time": "2022-07-19T21:43:41.052Z", "user": 1, "content_type": 4, "object_id": "2", "object_repr": "Olga", "action_flag": 3, "change_message": ""}}, {"model": "admin.logentry", "pk": 224, "fields": {"action_time": "2022-07-19T21:44:01.536Z", "user": 1, "content_type": 4, "object_id": "1", "object_repr": "user", "action_flag": 2, "change_message": "[]"}}, {"model": "admin.logentry", "pk": 225, "fields": {"action_time": "2022-07-21T22:15:40.317Z", "user": 1, "content_type": 13, "object_id": "55", "object_repr": "test by test", "action_flag": 3, "change_message": ""}}, {"model": "admin.logentry", "pk": 226, "fields": {"action_time": "2022-07-21T22:48:30.950Z", "user": 1, "content_type": 13, "object_id": "56", "object_repr": "test by test", "action_flag": 3, "change_message": ""}}, {"model": "admin.logentry", "pk": 227, "fields": {"action_time": "2022-07-23T20:55:52.597Z", "user": 1, "content_type": 15, "object_id": "49", "object_repr": "user on 2022-07-23 20:06:04.378614+00:00", "action_flag": 3, "change_message": ""}}, {"model": "admin.logentry", "pk": 228, "fields": {"action_time": "2022-07-23T20:55:52.599Z", "user": 1, "content_type": 15, "object_id": "48", "object_repr": "user on 2022-07-23 20:04:22.044359+00:00", "action_flag": 3, "change_message": ""}}, {"model": "admin.logentry", "pk": 229, "fields": {"action_time": "2022-07-23T20:55:52.600Z", "user": 1, "content_type": 15, "object_id": "47", "object_repr": "user on 2022-07-23 20:03:36.626031+00:00", "action_flag": 3, "change_message": ""}}, {"model": "admin.logentry", "pk": 230, "fields": {"action_time": "2022-07-23T20:55:52.602Z", "user": 1, "content_type": 15, "object_id": "46", "object_repr": "user on 2022-07-23 19:54:33.647029+00:00", "action_flag": 3, "change_message": ""}}, {"model": "admin.logentry", "pk": 231, "fields": {"action_time": "2022-07-23T20:55:52.603Z", "user": 1, "content_type": 15, "object_id": "45", "object_repr": "user on 2022-07-23 19:47:25.695468+00:00", "action_flag": 3, "change_message": ""}}, {"model": "admin.logentry", "pk": 232, "fields": {"action_time": "2022-07-23T20:55:52.604Z", "user": 1, "content_type": 15, "object_id": "44", "object_repr": "user on 2022-07-23 19:35:48.945962+00:00", "action_flag": 3, "change_message": ""}}, {"model": "admin.logentry", "pk": 233, "fields": {"action_time": "2022-07-23T20:55:52.606Z", "user": 1, "content_type": 15, "object_id": "43", "object_repr": "user on 2022-07-23 11:54:26.081096+00:00", "action_flag": 3, "change_message": ""}}, {"model": "admin.logentry", "pk": 234, "fields": {"action_time": "2022-07-24T12:42:48.380Z", "user": 1, "content_type": 4, "object_id": "4", "object_repr": "Test", "action_flag": 1, "change_message": "[{\"added\": {}}]"}}, {"model": "admin.logentry", "pk": 235, "fields": {"action_time": "2022-07-24T13:20:05.434Z", "user": 1, "content_type": 4, "object_id": "3", "object_repr": "Olga", "action_flag": 3, "change_message": ""}}, {"model": "admin.logentry", "pk": 236, "fields": {"action_time": "2022-07-24T13:20:05.437Z", "user": 1, "content_type": 4, "object_id": "4", "object_repr": "Test", "action_flag": 3, "change_message": ""}}, {"model": "admin.logentry", "pk": 237, "fields": {"action_time": "2022-07-24T13:20:35.231Z", "user": 1, "content_type": 16, "object_id": "27", "object_repr": "4256E0A03E5E4A9EBCC46DDA83CB160F", "action_flag": 3, "change_message": ""}}, {"model": "admin.logentry", "pk": 238, "fields": {"action_time": "2022-07-24T13:20:35.233Z", "user": 1, "content_type": 16, "object_id": "26", "object_repr": "9526C8104B4C4CFA9FC2FA3A07D37B48", "action_flag": 3, "change_message": ""}}, {"model": "admin.logentry", "pk": 239, "fields": {"action_time": "2022-07-24T13:20:35.235Z", "user": 1, "content_type": 16, "object_id": "25", "object_repr": "1141CA29055E4363A1B8D061F8303602", "action_flag": 3, "change_message": ""}}, {"model": "admin.logentry", "pk": 240, "fields": {"action_time": "2022-07-24T13:20:35.236Z", "user": 1, "content_type": 16, "object_id": "24", "object_repr": "F21F9B897DA749A384288882CE07CC9E", "action_flag": 3, "change_message": ""}}, {"model": "admin.logentry", "pk": 241, "fields": {"action_time": "2022-07-24T13:20:35.237Z", "user": 1, "content_type": 16, "object_id": "23", "object_repr": "E5A2DABA791945BE90FC53109E95A689", "action_flag": 3, "change_message": ""}}, {"model": "admin.logentry", "pk": 242, "fields": {"action_time": "2022-07-24T13:20:35.239Z", "user": 1, "content_type": 16, "object_id": "22", "object_repr": "9B480FC7D63846EA8F43E46100A17049", "action_flag": 3, "change_message": ""}}, {"model": "admin.logentry", "pk": 243, "fields": {"action_time": "2022-07-24T13:21:15.569Z", "user": 1, "content_type": 16, "object_id": "21", "object_repr": "64C81E2BEA0F4A02873F78E9B25C744B", "action_flag": 3, "change_message": ""}}, {"model": "admin.logentry", "pk": 244, "fields": {"action_time": "2022-07-24T13:21:15.571Z", "user": 1, "content_type": 16, "object_id": "19", "object_repr": "1067D8474EB841619EB9E6470388CC6A", "action_flag": 3, "change_message": ""}}, {"model": "admin.logentry", "pk": 245, "fields": {"action_time": "2022-07-24T13:21:15.573Z", "user": 1, "content_type": 16, "object_id": "17", "object_repr": "5784EA700A064517AF600BCC443311B6", "action_flag": 3, "change_message": ""}}, {"model": "admin.logentry", "pk": 246, "fields": {"action_time": "2022-07-24T13:21:15.574Z", "user": 1, "content_type": 16, "object_id": "9", "object_repr": "5371B95F7F6D4652A84BE4E8DD077D5D", "action_flag": 3, "change_message": ""}}, {"model": "admin.logentry", "pk": 247, "fields": {"action_time": "2022-07-24T13:21:15.575Z", "user": 1, "content_type": 16, "object_id": "8", "object_repr": "D45FC3B13A6346E389D9B2C633B8C77B", "action_flag": 3, "change_message": ""}}, {"model": "admin.logentry", "pk": 248, "fields": {"action_time": "2022-07-24T13:21:15.576Z", "user": 1, "content_type": 16, "object_id": "7", "object_repr": "01D388E7F1DC4DD9B7D047B12AD70A5F", "action_flag": 3, "change_message": ""}}, {"model": "admin.logentry", "pk": 249, "fields": {"action_time": "2022-07-24T13:21:15.577Z", "user": 1, "content_type": 16, "object_id": "6", "object_repr": "0FC61530D23341868E4494109BCFC8F7", "action_flag": 3, "change_message": ""}}, {"model": "admin.logentry", "pk": 250, "fields": {"action_time": "2022-07-24T13:21:15.579Z", "user": 1, "content_type": 16, "object_id": "5", "object_repr": "18EDC6D539A346EE9AA0DDC04F4271D1", "action_flag": 3, "change_message": ""}}, {"model": "admin.logentry", "pk": 251, "fields": {"action_time": "2022-07-24T13:21:15.580Z", "user": 1, "content_type": 16, "object_id": "4", "object_repr": "C27C92369F064BB6A9003B66C255855D", "action_flag": 3, "change_message": ""}}, {"model": "auth.user", "pk": 1, "fields": {"password": "pbkdf2_sha256$260000$CjugzoxWmzttq8ZdBEyi6F$6ut+8FrjoaQMZjpng8zqJrM1+/9iKSVul1nzrzR/Ut0=", "last_login": "2022-07-27T10:54:28.711Z", "is_superuser": true, "username": "user", "first_name": "", "last_name": "", "email": "olgajasinska89@hotmail.co.uk", "is_staff": true, "is_active": true, "date_joined": "2022-06-14T21:05:56Z", "groups": [], "user_permissions": []}}, {"model": "sessions.session", "pk": "3hh6hxbls4k1ecz10ylehpb8izyaacyi", "fields": {"session_data": ".eJw1yDEKgDAMBdCrfLK4FHFw8hxurZQiwSo0hSYOIt5dF4e3vJtiYdW0sdJE3geK8dAq_wZyGBzGT6A5c-NOIdXyLht2wVXPhjU1QzJYZpRaWKwPtCz0vNrVH5s:1oFkMg:t_Zkc1XKqUmSQJDtlPIo05S9gQ-21I89ApP86ST4ZdU", "expire_date": "2022-08-07T22:46:22.234Z"}}, {"model": "sessions.session", "pk": "40tbssklmb7ossklt69r8aiu8wabayc3", "fields": {"session_data": ".eJxVjDsOwjAQBe_iGln-20tJnzNYXq9NAiiW4qRC3J1ESgHtm5n3ZjFt6xi3XpY4EbsyyS6_G6b8LPMB6JHme-O5zesyIT8UftLOh0bldTvdv4Mx9XGvUQcirYr0tmYARaZakIQS0ILVyrvsnDMihIooXE5QDBqhhPWwE8s-X9fNNyo:1o1Du1:ruQ_XYM6w7bR9YIxXJzxv6cjvMjyRm9qUruXXwEipnk", "expire_date": "2022-06-28T21:16:45.936Z"}}, {"model": "sessions.session", "pk": "7gybzafwuy751vlyp0za8w47wxapfvwe", "fields": {"session_data": ".eJxVjMsOgyAURP-FtSECKo9l9_0GApdLpW2wAU3aGP-9mrhxM4tzZmYl4MpMzEo4MawhbM-tIdYt82iXisWmQMyOL8w7eGE-RHi6_JgoTHkuydOjQk9b6X0K-L6d3cvB6Oq4r5XgoHvHJZPQgW8loo-9gkEI1rM4aNeFAYMOAjByzWRkSokgsFMapHfHacVa05Qtfj-p_Ihptz-3LESR:1oGfly:2u3YJwxj65xjrPhxiV2t8dEedpfBoBRSJ6sr__d8hQ8", "expire_date": "2022-08-10T12:04:18.727Z"}}, {"model": "sessions.session", "pk": "ajkfa6rhbzwjb488ao7x1uaxup11fsi4", "fields": {"session_data": ".eJxVjDsOwjAQBe_iGln-20tJnzNYXq9NAiiW4qRC3J1ESgHtm5n3ZjFt6xi3XpY4EbsyyS6_G6b8LPMB6JHme-O5zesyIT8UftLOh0bldTvdv4Mx9XGvUQcirYr0tmYARaZakIQS0ILVyrvsnDMihIooXE5QDBqhhPWwE8s-X9fNNyo:1o7dp0:VfvYDs3cTYKuZYx1PIcrHh3UXdgk8ABkLPd4g8jHpCg", "expire_date": "2022-07-16T14:10:06.991Z"}}, {"model": "sessions.session", "pk": "glwsip03z2zpn685lseqdh27cioxqahb", "fields": {"session_data": "eyJjYXJ0Ijp7IjIiOjF9fQ:1oDtUa:DsKjghQSEj41c4A3edxZF6PTpSBOM5-BZGSesOJOHN4", "expire_date": "2022-08-02T20:06:52.023Z"}}, {"model": "sessions.session", "pk": "ncd0d1uvp02jrj9bhkiby20j6tt83zxg", "fields": {"session_data": ".eJxVjDsOgzAQRO-yNbL8N0uZnjMgr9cOJBFIfCrE3QMSDc0U897MDinOKzQ7WAONqsCfeVTQxW3tu23JczcwNKDg0VFM3zxegD9xfE8iTeM6DyQuRdx0Ee3E-fe63cdBH5f-XJOpmY3OKriSEDXb4lAxKSSHzujgk_feyrouRNKniNmSlVq6gCdxcPwBxJc8nQ:1oByMw:kBW-RUKdtug2L7bAsBj7alwQFFWDDGWkZXuMUgC3BAI", "expire_date": "2022-07-28T12:55:02.106Z"}}, {"model": "sessions.session", "pk": "p0z2eeh3b3jahugzzuxjwd7ts7m50l6p", "fields": {"session_data": "e30:1oCNvg:gBwqJOc0ysuYgYOOGjsDJZchkYqG_oZlwJFcJbQpzDg", "expire_date": "2022-07-29T16:12:36.897Z"}}, {"model": "sessions.session", "pk": "s6alujvgsnc8moxif0z2hknidl009a74", "fields": {"session_data": "eyJjYXJ0Ijp7IjUiOjEsIjE3Ijo2fX0:1o8S5T:RzqQZI7s6FMh-lEaSfMTzoRkyELy2aM0AstnOumNbCU", "expire_date": "2022-07-18T19:50:27.242Z"}}, {"model": "sessions.session", "pk": "soi0i3tcgt9pqg1s9d97qdjcqls29fx4", "fields": {"session_data": "e30:1oDsb2:xoEaUGrltyNb9K06YYL9zIwgHTiYI_xp-fevIw064ag", "expire_date": "2022-08-02T19:09:28.731Z"}}, {"model": "sessions.session", "pk": "wks2tdga8vk7vbzs12cld6zusulq2plw", "fields": {"session_data": "eyJzYXZlX2luZm8iOmZhbHNlfQ:1oDuKf:I49gaMp7S-ox9DICBPAu5d49uBaYvtVMfEHy_31SiT0", "expire_date": "2022-08-02T21:00:41.312Z"}}, {"model": "sites.site", "pk": 1, "fields": {"domain": "bookwormparadise.example.com", "name": "Bookworm Paradise"}}, {"model": "account.emailaddress", "pk": 1, "fields": {"user": 1, "email": "olgajasinska89@hotmail.co.uk", "verified": true, "primary": true}}, {"model": "products.genre", "pk": 7, "fields": {"name": "science_fiction", "friendly_name": "Science-Fiction"}}, {"model": "products.genre", "pk": 8, "fields": {"name": "romance", "friendly_name": "Romance"}}, {"model": "products.genre", "pk": 9, "fields": {"name": "horror", "friendly_name": "Horror"}}, {"model": "products.genre", "pk": 10, "fields": {"name": "historical_fiction", "friendly_name": "Historical Fiction"}}, {"model": "products.genre", "pk": 11, "fields": {"name": "fantasy", "friendly_name": "Fantasy"}}, {"model": "products.genre", "pk": 12, "fields": {"name": "crime", "friendly_name": "Crime"}}, {"model": "products.genre", "pk": 13, "fields": {"name": "classics", "friendly_name": "Classics"}}, {"model": "products.book", "pk": 1, "fields": {"genre": 10, "sku": "76889787", "title": "The Women of Troy", "author": "Pat Barker", "publisher": "Penguin Books Ltd", "binding": "Hardback", "pages": "320", "description": "Following her bestselling, critically acclaimed The Silence of the Girls, Pat Barker continues her extraordinary retelling of one of our greatest myths.\r\n\r\nTroy has fallen. The Greeks have won their bitter war. They can return home victors, loaded with their spoils: their stolen gold, stolen weapons, stolen women. All they need is a good wind to lift their sails.\r\n\r\nBut the wind does not come. The gods have been offended - the body of Priam lies desecrated, unburied - and so the victors remain in limbo, camped in the shadow of the city they destroyed, pacing at the edge of an unobliging sea. And, in these empty, restless days, the hierarchies that held them together begin to fray, old feuds resurface and new suspicions fester.\r\n\r\nLargely unnoticed by her squabbling captors, Briseis remains in the Greek encampment. She forges alliances where she can - with young, dangerously naive Amina, with defiant, aged Hecuba, with Calchus, the disgraced priest - and begins to see the path to a kind of revenge. Briseis has survived the Trojan War, but peacetime may turn out to be even more dangerous...", "price": "16.99", "rating": "5.00", "image_url": "https://raw.githubusercontent.com/OlgaJ1989/bookworm-paradise/main/media/the-women-of-troy_KRkGOZP.jpg", "image": "the-women-of-troy.jpg"}}, {"model": "products.book", "pk": 2, "fields": {"genre": 10, "sku": "23423535", "title": "Snow Country", "author": "Sebastian Faulks", "publisher": "Vintage Publishing", "binding": "Paperback", "pages": "368", "description": "1914: Young Anton Heideck has arrived in Vienna, eager to make his name as a journalist. While working part-time as a private tutor, he encounters Delphine, a woman who mixes startling candour with deep reserve. Entranced by the light of first love, Anton feels himself blessed. Until his country declares war on hers.\r\n\r\n1927: For Lena, life with a drunken mother in a small town has been impoverished and cold. She is convinced she can amount to nothing until a young lawyer, Rudolf Plischke, spirits her away to Vienna. But the capital proves unforgiving. Lena leaves her metropolitan dream behind to take a menial job at the snow-bound sanatorium, the Schloss Seeblick.\r\n\r\n1933: Still struggling to come terms with the loss of so many friends on the Eastern Front, Anton, now an established writer, is commissioned by a magazine to visit the mysterious Schloss Seeblick. In this place of healing, on the banks of a silvery lake, where the depths of human suffering and the chances of redemption are explored, two people will see each other as if for the first time.\r\n\r\nSweeping across Europe as it recovers from one war and hides its face from the coming of another, Snow Country is a landmark novel of exquisite yearnings, dreams of youth and the sanctity of hope. In elegant, shimmering prose, Sebastian Faulks has produced a work of timeless resonance.", "price": "7.99", "rating": "4.00", "image_url": "https://raw.githubusercontent.com/OlgaJ1989/bookworm-paradise/main/media/snow-country_Rh2wW7M.jpg", "image": "snow-country_Rh2wW7M.jpg"}}, {"model": "products.book", "pk": 3, "fields": {"genre": 7, "sku": "90896786", "title": "The Handmaid's Tale", "author": "Margaret Attwood", "publisher": "Vintage Publishing", "binding": "Hardback", "pages": "512", "description": "Utterly compelling and terrifyingly real, The Handmaid's Tale is a classic work of feminist fiction and a vivid dystopia that speaks afresh to every new generation of readers.\r\n\r\nA chair, a table, a lamp. Above, on the  white ceiling, a relief ornament in the shape of a wreath, and in the centre of it a blank space, plastered over, like the place in a face where the eye has been taken out. There must have been a chandelier, once. They’ve removed anything you could tie a rope to.\r\n\r\nOffred lives in The Republic of Gilead. To some, it is a utopian vision of the future, a place of safety, a place where everyone has a purpose, a function. But The Republic of Gilead offers Offred only one function: to breed.\r\n\r\nIf she deviates, she will, like dissenters, be hanged at the wall or sent out to die slowly of radiation sickness. But even a repressive state cannot obliterate desire - neither Offred's nor that of the two men on which her future hangs.\r\n\r\nBrilliantly conceived and executed, The Handmaid's Tale is a bold evocation of twenty-first century America that gives full rein to Margaret Atwood's devastating irony, wit and astute perception.\r\n\r\nAre you ready to return to Gilead? Don't miss the year's most anticipated book.\r\n\r\nNow readers can step back into the world of The Handmaid's Tale with Margaret Atwood's sequel, The Testaments. Published on 10 September 2019 it reflects the tumultuous political and social events of today in an unmissable new story for our times.", "price": "14.99", "rating": "5.00", "image_url": "https://raw.githubusercontent.com/OlgaJ1989/bookworm-paradise/main/media/the-handmaids-tale.jpg", "image": "the-handmaids-tale.jpg"}}, {"model": "products.book", "pk": 4, "fields": {"genre": 12, "sku": "254645", "title": "Where The Crawdads Sing", "author": "Delia Owens", "publisher": "Little, Brown Book Group", "binding": "Paperback", "pages": "384", "description": "For years, rumors of the \"Marsh Girl\" have haunted Barkley Cove, a quiet town on the North Carolina coast. So in late 1969, when handsome Chase Andrews is found dead, the locals immediately suspect Kya Clark, the so-called Marsh Girl. But Kya is not what they say.\r\n\r\nSensitive and intelligent, she has survived for years alone in the marsh that she calls home, finding friends in the gulls and lessons in the sand. Then the time comes when she yearns to be touched and loved. When two young men from town become intrigued by her wild beauty, Kya opens herself to a new life - until the unthinkable happens.\r\n\r\nPerfect for fans of Barbara Kingsolver and Celeste Ng, Where the Crawdads Sing is at once an exquisite ode to the natural world, a heart-breaking coming-of-age story, and a surprising tale of possible murder. Owens reminds us that we are forever shaped by the children we once were, and that we are all subject to the beautiful and violent secrets that nature keeps.", "price": "9.99", "rating": "4.50", "image_url": "https://raw.githubusercontent.com/OlgaJ1989/bookworm-paradise/main/media/where-the-crawdads-sing_lBbVHbO.jpg", "image": "where-the-crawdads-sing_lBbVHbO.jpg"}}, {"model": "products.book", "pk": 5, "fields": {"genre": 12, "sku": "67897856", "title": "Verity", "author": "Colleen Hoover", "publisher": "Little, Brown Book Group", "binding": "Paperback", "pages": "336", "description": "Are you ready to stay up all night? Rebecca meets Gone Girl in this shocking, unpredictable thriller with a twist that will leave you reeling...\r\n\r\nLowen Ashleigh is a struggling writer on the brink of financial ruin when she accepts the job offer of a lifetime. Jeremy Crawford, husband of bestselling author Verity Crawford, has hired Lowen to complete the remaining books in a successful series his injured wife is unable to finish.\r\n\r\nLowen arrives at the Crawford home, ready to sort through years of Verity's notes and outlines, hoping to find enough material to get her started. What Lowen doesn't expect to uncover in the chaotic office is an unfinished autobiography Verity never intended for anyone to read. Page after page of bone-chilling admissions, including Verity's recollection of the night their family was forever altered.\r\n\r\nLowen decides to keep the manuscript hidden from Jeremy, knowing its contents would devastate the already-grieving father. But as Lowen's feelings for Jeremy begin to intensify, she recognizes all the ways she could benefit if he were to read his wife's words. After all, no matter how devoted Jeremy is to his injured wife, a truth this horrifying would make it impossible for him to continue loving her...", "price": "7.99", "rating": "2.00", "image_url": "https://raw.githubusercontent.com/OlgaJ1989/bookworm-paradise/main/media/verity_ahrRruN.jpg", "image": "verity_ahrRruN.jpg"}}, {"model": "products.book", "pk": 6, "fields": {"genre": 10, "sku": "23545677898", "title": "Three Sisters", "author": "Heather Morris", "publisher": "Zaffre", "binding": "Hardback", "pages": "400", "description": "Their story will break your heart. Their journey will fill you with hope. You will never forget their names.\r\n\r\nWhen they are little girls, Cibi, Magda and Livia make a promise to their father - that they will stay together, no matter what. Years later, at just 15, Livia is ordered to Auschwitz by the Nazis. Cibi, only 19 herself, remembers their promise and follows Livia, determined to protect her sister, or die with her. Together, they fight to survive through unimaginable cruelty and hardship.\r\n\r\nMagda, only 17, stays with her mother and grandfather, hiding out in a neighbour's attic or in the forest when the Nazi militia come to round up friends, neighbours and family. She escapes for a time, but eventually she too is captured and transported to the death camp. In Auschwitz-Birkenau the three sisters are reunited and, remembering their father, they make a new promise, this time to each other: That they will survive.\r\n\r\nThree Sisters is a beautiful story of hope in the hardest of times and of finding love after loss. Two of the sisters are alive in Israel today, surrounded by friends and family. They have chosen Heather Morris to tell their story in Three Sisters. Heather Morris is the global bestselling author of The Tattooist of Auschwitz and Cilka's Journey, which have sold eight million copies worldwide. Three Sisters is her third novel, and the final piece in the phenomenon that is the Tattooist of Auschwitz series.", "price": "16.99", "rating": null, "image_url": "https://raw.githubusercontent.com/OlgaJ1989/bookworm-paradise/main/media/three-sisters_MmpxbF3.jpg", "image": "three-sisters_MmpxbF3.jpg"}}, {"model": "products.book", "pk": 7, "fields": {"genre": 11, "sku": "989675", "title": "Threadneedle", "author": "Cari Thomas", "publisher": "HarperCollins Publishers", "binding": "Hardback", "pages": "576", "description": "Within the boroughs of London, nestled among its streets, hides another city, filled with magic.\r\n\r\n'Magic and love. Love and magic. They destroy everything in the end ...'\r\n\r\nAnna's Aunt has always warned her of the dangers of magic. Its twists. Its knots. Its deadly consequences.\r\n\r\nNow Anna counts down the days to the ceremony that will bind her magic forever.\r\n\r\nUntil she meets Effie and Attis.\r\n\r\nThey open her eyes to a London she never knew existed. A shop that sells memories. A secret library where the librarian feeds off words. A club where revellers lose themselves in a haze of spells.\r\n\r\nBut as she is swept deeper into this world, Anna begins to wonder if her Aunt was right all along.\r\n\r\nIs her magic a gift ... or a curse?", "price": "17.99", "rating": "1.25", "image_url": "https://raw.githubusercontent.com/OlgaJ1989/bookworm-paradise/main/media/threadneedle_ZFJpdl8.jpg", "image": "threadneedle_ZFJpdl8.jpg"}}, {"model": "products.book", "pk": 8, "fields": {"genre": 9, "sku": "2348974", "title": "The Woman in Black", "author": "Susan Hill", "publisher": "Vintage Publishing", "binding": "Paperback", "pages": "208", "description": "Arthur Kipps, a junior solicitor, is summoned to attend the funeral of Mrs Alice Drablow, the house's sole inhabitant of Eel Marsh House, unaware of the tragic secrets which lie hidden behind the shuttered windows.\r\n\r\nThe house stands at the end of a causeway, wreathed in fog and mystery, but it is not until he glimpses a wasted young woman, dressed all in black, at the funeral, that a creeping sense of unease begins to take hold, a feeling deepened by the reluctance of the locals to talk of the woman in black - and her terrible purpose.\r\n\r\nYorkshire-born writer Susan Hill’s writing career has been as wide-ranging as it has been phenomenally successful, encompassing literary fiction, crime novels, plays, ghost stories, children’s books and memoirs.\r\n\r\nAs well as being one of the world’s bestselling novelists, her work has attracted extensive critical acclaim having won the Whitbread, Somerset Maugham, and John Llewelyn Rhys awards, as well as having been shortlisted for the Booker Prize.", "price": "6.99", "rating": "5.00", "image_url": "https://raw.githubusercontent.com/OlgaJ1989/bookworm-paradise/main/media/the-woman-in-black_x3MblSA.jpg", "image": "the-woman-in-black_x3MblSA.jpg"}}, {"model": "products.book", "pk": 9, "fields": {"genre": 13, "sku": "45757567", "title": "Pride and Prejudice", "author": "Jane Austen", "publisher": "Penguin Books Ltd", "binding": "Hardback", "pages": "480", "description": "For Mrs Bennet, a mother to five daughters, little else is of consequence than the prospect of a successful and advantageous marriage for each of them. Her daughter Elizabeth, independent and spirited, has other ideas.\r\n\r\nWhen the wealthy and eligible bachelor Mr Bingley moves into the neighbourhood he seems everything one could want in a husband; engaging friendly and obliging he forms a quick attachment with Elizabeth’s beloved sister Jane. His friend and companion Fitzwilliam Darcy makes a less favourable first impression on Elizabeth, she thinks him arrogant and conceited whilst he seems indifferent to her quick wit and lively mind.\r\n\r\nWhen she later discovers that Darcy has involved himself in the troubled relationship between Bingley and Jane, their relationship seems destined to be one of animosity but both are about to learn the folly of judging from first impressions.\r\n\r\nIn the sparkling comedy of manners that follows, Jane Austen creates one of the most powerful and enduring love stories of all time whilst superbly satirising the gossip, snobberies and social conventions of provincial middle-class life.", "price": "14.99", "rating": "4.00", "image_url": "https://raw.githubusercontent.com/OlgaJ1989/bookworm-paradise/main/media/pride-and-prejudice_NOk6TXn.jpg", "image": "pride-and-prejudice_uHXY34y.jpg"}}, {"model": "products.book", "pk": 10, "fields": {"genre": 12, "sku": "45657465432", "title": "The Thursday Murder Club", "author": "Richard Osman", "publisher": "Penguin Books Ltd", "binding": "Hardback", "pages": "400", "description": "The first book in the #1 bestselling Thursday Murder Club series by TV Presenter Richard Osman.\r\n\r\nIn a peaceful retirement village, four unlikely friends meet up once a week to investigate unsolved murders.\r\n\r\nBut when a brutal killing takes place on their very doorstep, the Thursday Murder Club find themselves in the middle of their first live case.\r\n\r\nElizabeth, Joyce, Ibrahim, and Ron might be pushing eighty but they still have a few tricks up their sleeves.\r\n\r\nCan our unorthodox but brilliant gang catch the killer before it's too late?", "price": "13.99", "rating": "4.50", "image_url": "https://raw.githubusercontent.com/OlgaJ1989/bookworm-paradise/main/media/the-thursday-murder-club_R9RoJwH.jpg", "image": "the-thursday-murder-club_R9RoJwH.jpg"}}, {"model": "products.book", "pk": 11, "fields": {"genre": 10, "sku": "6784534", "title": "The Song of Achilles", "author": "Madeleine Miller", "publisher": "Bloomsbury Publishing PLC", "binding": "Paperback", "pages": "368", "description": "Greece in the age of heroes. Patroclus, an awkward young prince, has been exiled to the court of King Peleus and his perfect son Achilles.\r\n\r\nDespite their differences, Achilles befriends the shamed prince, and as they grow into young men skilled in the arts of war and medicine, their bond blossoms into something deeper - despite the displeasure of Achilles's mother Thetis, a cruel sea goddess.\r\n\r\nBut when word comes that Helen of Sparta has been kidnapped, Achilles must go to war in distant Troy and fulfill his destiny.\r\n\r\nTorn between love and fear for his friend, Patroclus goes with him, little knowing that the years that follow will test everything they hold dear.", "price": "7.99", "rating": "5.00", "image_url": "https://raw.githubusercontent.com/OlgaJ1989/bookworm-paradise/main/media/the-song-of-achilles_SXaFJtX.jpg", "image": "the-song-of-achilles.jpg"}}, {"model": "products.book", "pk": 12, "fields": {"genre": 10, "sku": "34546576", "title": "Matrix", "author": "Lauren Groff", "publisher": "Cornerstone", "binding": "Paperback", "pages": "272", "description": "Meet the indomitable Marie de France.\r\n\r\nBorn from a long line of female warriors and crusaders, yet too coarse, too wild, too rough-hewn for courtly life, Marie de France is cast from the royal court. Woefully, she is sent to the muddy fields of Angleterre to take up her new duty as the prioress of an impoverished abbey.\r\n\r\nThe abbey is a dreadful place: its inhabitants are on the brink of starvation, beset by disease, stoic and stern, yet plagued with an unholy tendency to gossip. Marie cannot help but pine for the decadence and comfort of France; her secret lover Cecily, her queen Eleanor, and the very court that had spited her.\r\n\r\nYet Marie soon realises that, though she may be tied to a life of duty, she wields more power than she could have imagined. With the fearlessness that has always set her apart, she inspires her new sisterhood to awaken their spirits and finally claim what is theirs. A dazzling work of literature, Matrix gathers currents of violence, sensuality and ecstasy in a mesmerising portrait of consuming passion and womanhood.", "price": "18.99", "rating": "3.50", "image_url": "https://raw.githubusercontent.com/OlgaJ1989/bookworm-paradise/main/media/matrix_vPQ8esd.jpg", "image": "matrix.jpg"}}, {"model": "products.book", "pk": 13, "fields": {"genre": 13, "sku": "459350", "title": "The Picture of Dorian Gray", "author": "Oscar Wilde", "publisher": "Penguin Books Ltd", "binding": "Paperback", "pages": "304", "description": "Oscar Wilde's alluring novel of decadence and sin was a succes de scandale on publication. It follows Dorian Gray who, enthralled by his own exquisite portrait, exchanges his soul for eternal youth and beauty. Influenced by his friend Lord Henry Wotton, he is drawn into a corrupt double life, indulging his desires in secret while remaining a gentleman in the eyes of polite society. Only his portrait bears the traces of his depravity. This definitive edition includes a selection of contemporary reviews condemning the novel's immorality.", "price": "5.99", "rating": "2.00", "image_url": "https://raw.githubusercontent.com/OlgaJ1989/bookworm-paradise/main/media/the-picture-of-dorian-gray_0WYiWIa.jpg", "image": "the-picture-of-dorian-gray_0WYiWIa.jpg"}}, {"model": "products.book", "pk": 14, "fields": {"genre": 13, "sku": "349054860", "title": "Little Women", "author": "Louisa May Alcott", "publisher": "Penguin Random House Children's UK", "binding": "Paperback", "pages": "816", "description": "“I am not afraid of storms, for I am learning how to sail my ship.”\r\n\r\nGrown-up Meg, tomboyish Jo, timid Beth, and precocious Amy.\r\n\r\nThe four March sisters couldn't be more different. But with their father away at war, and their mother working to support the family, they have to rely on one another.\r\n\r\nWhether they're putting on a play, forming a secret society, or celebrating Christmas, there's one thing they can't help wondering: Will Father return home safely?\r\n\r\nBorn in Philadelphia in 1832, Louisa May Alcott remains one of the world's best-loved and most enduringly popular American authors. Best-known for Little Women and its sequels, Alcott was a noted feminist, abolitionist and her novels are still celebrated for their championing of independent thought and women's liberation.", "price": "7.99", "rating": "4.50", "image_url": "https://raw.githubusercontent.com/OlgaJ1989/bookworm-paradise/main/media/little-women_yNsxi67.jpg", "image": "little-women_yNsxi67.jpg"}}, {"model": "products.book", "pk": 15, "fields": {"genre": 13, "sku": "34534590", "title": "Rebecca", "author": "Daphne du Maurier", "publisher": "Little, Brown Book Group", "binding": "Paperback", "pages": "448", "description": "Last night I dreamt I went to Manderley again...\r\n\r\nWith these words a reader is swept up into a world of secrets and lies; one of the most passionate, psychologically twisting, and complex stories of all time. \r\n\r\nWorking as a lady's companion, the orphaned heroine of Rebecca learns her place. Life begins to look very bleak until, on a trip to the South of France, she meets Maxim de Winter, a handsome widower whose sudden proposal of marriage takes her by surprise. Whisked from glamorous Monte Carlo to his brooding estate, Manderley, on the Cornish Coast, the new Mrs de Winter finds Max a changed man. And the memory of his dead wife Rebecca is forever kept alive by the forbidding Mrs Danvers . . .", "price": "7.99", "rating": "3.50", "image_url": "https://raw.githubusercontent.com/OlgaJ1989/bookworm-paradise/main/media/rebecca_jQ8wAmX.jpg", "image": "rebecca_jQ8wAmX.jpg"}}, {"model": "products.book", "pk": 16, "fields": {"genre": 13, "sku": "3495835", "title": "Brave New World", "author": "Aldous Huxley", "publisher": "Vintage Publishing", "binding": "Hardback", "pages": "288", "description": "Far in the future, the World Controllers have created the ideal society. Through clever use of genetic engineering, brainwashing and recreational sex and drugs all its members are happy consumers. Bernard Marx seems alone harbouring an ill-defined longing to break free. A visit to one of the few remaining Savage Reservations where the old, imperfect life still continues, may be the cure for his distress...\r\n\r\nHuxley's ingenious fantasy of the future sheds a blazing light on the present and is considered to be his most enduring masterpiece.", "price": "14.99", "rating": "5.00", "image_url": "https://raw.githubusercontent.com/OlgaJ1989/bookworm-paradise/main/media/brave-new-world_PwcnOWM.jpg", "image": "brave-new-world_PwcnOWM.jpg"}}, {"model": "products.book", "pk": 17, "fields": {"genre": 12, "sku": "390483", "title": "The Maidens", "author": "Alex Michaelides", "publisher": "Orion Publishing Co", "binding": "Hardback", "pages": "368", "description": "From the author of the global #1 bestselling debut The Silent Patient comes a spellbinding literary thriller which weaves together Greek mythology, psychology, and murder...\r\n\r\nSt Christopher's College, Cambridge, is a closed world to most.\r\n\r\nFor Mariana Andros - a group therapist struggling through her private grief - it's where she met her late husband. For her niece, Zoe, it's the tragic scene of her best friend's murder.\r\n\r\nAs memory and mystery entangle Mariana, she finds a society full of secrets, which has been shocked to its core by the murder of one of its own.\r\n\r\nBecause behind its idyllic beauty is a web of jealousy and rage which emanates from an exclusive set of students known only as The Maidens. A group under the sinister influence of the enigmatic professor Edward Fosca.\r\n\r\nA man who seems to know more than anyone about the murders - and the victims. And the man who will become the prime suspect in Mariana's investigation - an obsession which will unravel everything...\r\n\r\nThe Maidens is a story of love, and of grief - of what makes us who we are, and what makes us kill.", "price": "18.99", "rating": "5.00", "image_url": "https://raw.githubusercontent.com/OlgaJ1989/bookworm-paradise/main/media/the-maidens_0ZWW88D.jpg", "image": "the-maidens.jpg"}}, {"model": "products.book", "pk": 18, "fields": {"genre": 12, "sku": "350856", "title": "Silverview", "author": "John le Carré", "publisher": "Penguin Books Ltd", "binding": "Paperback", "pages": "272", "description": "In Silverview John le Carré turns his focus to the world that occupied his writing for the past sixty years – the secret world itself.\r\n\r\nJulian Lawndsley has renounced his high-flying job in the City for a simpler life running a bookshop in a small English seaside town. But only a couple of months into his new career, Julian’s evening is disrupted by a visitor. Edward, a Polish émigré living in Silverview, the big house on the edge of town, seems to know a lot about Julian’s family and is rather too interested in the inner workings of his modest new enterprise.\r\n \r\nWhen a letter turns up at the door of a spy chief in London warning him of a dangerous leak, the investigations lead him to this quiet town by the sea...\r\n\r\nSilverview is the mesmerising story of an encounter between innocence and experience and between public duty and private morals. In his inimitable voice John le Carré, the greatest chronicler of our age, seeks to answer the question of what we truly owe to the people we love.", "price": "7.99", "rating": "4.50", "image_url": "https://raw.githubusercontent.com/OlgaJ1989/bookworm-paradise/main/media/silverview_z2SlMXL.jpg", "image": "silverview.jpg"}}, {"model": "products.book", "pk": 19, "fields": {"genre": 11, "sku": "390485309583", "title": "The Priory of the Orange Tree", "author": "Samantha Shannon", "publisher": "Bloomsbury Publishing PLC", "binding": "Hardback", "pages": "848", "description": "From the internationally bestselling author of The Bone Season, a trailblazing, epic high fantasy about a world on the brink of war with dragons - and the women who must lead the fight to save it.\r\n\r\nA world divided. A queendom without an heir. An ancient enemy awakens.\r\n\r\nThe House of Berethnet has ruled Inys for a thousand years. Still unwed, Queen Sabran the Ninth must conceive a daughter to protect her realm from destruction - but assassins are getting closer to her door. Ead Duryan is an outsider at court. Though she has risen to the position of lady-in-waiting, she is loyal to a hidden society of mages. Ead keeps a watchful eye on Sabran, secretly protecting her with forbidden magic. Across the dark sea, Tane has trained to be a dragon rider since she was a child but is forced to make a choice that could see her life unravel. Meanwhile, the divided East and West refuse to parley, and forces of chaos are rising from their sleep.", "price": "16.99", "rating": "3.50", "image_url": "https://raw.githubusercontent.com/OlgaJ1989/bookworm-paradise/main/media/the-priory-of-the-orange-tree_Z6p0Ztu.jpg", "image": "the-priory-of-the-orange-tree_Z6p0Ztu.jpg"}}, {"model": "products.book", "pk": 20, "fields": {"genre": 11, "sku": "904830958", "title": "Piranesi", "author": "Susanna Clarke", "publisher": "Bloomsbury Publishing PLC", "binding": "Paperback", "pages": "272", "description": "Piranesi lives in the House. Perhaps he always has. In his notebooks, day after day, he makes a clear and careful record of its wonders: the labyrinth of halls, the thousands upon thousands of statues, the tides which thunder up staircases, the clouds which move in slow procession through the upper halls.\r\n\r\nOn Tuesdays and Fridays, Piranesi sees his friend, the Other. At other times he brings tributes of food and waterlilies to the Dead. But mostly, he is alone. Messages begin to appear, scratched out in chalk on the pavements. There is someone new in the House. But who are they and what do they want? Are they a friend or do they bring destruction and madness as the Other claims?\r\n\r\nLost texts must be found; secrets must be uncovered. The world that Piranesi thought he knew is becoming strange and dangerous. The Beauty of the House is immeasurable; its Kindness infinite.", "price": "9.99", "rating": "4.00", "image_url": "https://raw.githubusercontent.com/OlgaJ1989/bookworm-paradise/main/media/piranesi_8aOJHBb.jpg", "image": "piranesi_8aOJHBb.jpg"}}, {"model": "products.book", "pk": 21, "fields": {"genre": 11, "sku": "2039434", "title": "Harry Potter and the Philosopher's Stone", "author": "Joanne Kathleen Rowling", "publisher": "Bloomsbury Publishing PLC", "binding": "Hardback", "pages": "368", "description": "Galloping gargoyles … 2022 is the silver anniversary of J.K. Rowling’s magical classic Harry Potter and the Philosopher’s Stone! In celebration of 25 years of Harry Potter magic, Bloomsbury is proud to be releasing a special commemorative edition featuring the much loved original cover design, with artwork by Thomas Taylor.\r\n\r\nAfter its first publication in 1997, the illustration of Harry Potter with his lightning bolt scar, standing next to the Hogwarts Express on Platform Nine and Three-Quarters, would go on to become one of the most iconic book covers of the twentieth century, offering a tantalising first glimpse of J.K. Rowling’s endlessly spellbinding wizarding world.\r\n\r\nSince then, Harry Potter and his epic adventures have become a cultural phenomenon, bewitching millions of readers all across the globe. This irresistible anniversary edition – available for one year only – will bring back treasured memories for the fans who remember the excitement when Harry’s journey first began, as well as introduce a new generation to the unforgettable story of the Boy Who Lived.\r\n\r\nIn addition to a bright dust jacket emblazoned with a removable silver sticker, readers will discover a wealth of celebratory bonus content inside. Decorated with the original hand-drawn Hogwarts crest, the inside pages also feature the fully updated and redesigned story text to provide the perfect reading experience.\r\n\r\nThe ultimate Harry Potter gift and a must for any bookshelf, this once-in-a-generation collector’s edition of Harry Potter and the Philosopher’s Stone will take you on the magical journey of a lifetime …", "price": "15.99", "rating": "5.00", "image_url": "https://raw.githubusercontent.com/OlgaJ1989/bookworm-paradise/main/media/harry-potter-and-the-philosopher's-stone.jpg", "image": "harry-potter-and-the-philosophers-stone_ZhMwge6.jpg"}}, {"model": "products.book", "pk": 22, "fields": {"genre": 11, "sku": "3458306893", "title": "Book of Night", "author": "Holly Black", "publisher": "Cornerstone", "binding": "Hardback", "pages": "320", "description": "Charlie Hall has never found a lock she couldn't pick, a book she couldn't steal, or a bad decision she wouldn't make. She's spent half her life working for gloamists, magicians who manipulate shadows to peer into locked rooms, strangle people in their beds, or worse. Gloamists guard their secrets greedily, creating an underground economy of grimoires. And to rob their fellow magicians, they need Charlie.\r\n\r\nNow, she's trying to distance herself from past mistakes, but going straight isn't easy. Bartending at a dive, she's still entirely too close to the corrupt underbelly of the Berkshires. Not to mention that her sister Posey is desperate for magic, and that her shadowless and possibly soulless boyfriend has been keeping secrets from her. When a terrible figure from her past returns, Charlie descends back into a maelstrom of murder and lies. Determined to survive, she's up against a cast of doppelgangers, mercurial billionaires, gloamists, and the people she loves best in the world - all trying to steal a secret that will allow them control of the shadow world and more.", "price": "14.99", "rating": "4.00", "image_url": "https://raw.githubusercontent.com/OlgaJ1989/bookworm-paradise/main/media/book-of-night_XO0WpLK.jpg", "image": "book-of-night.jpg"}}, {"model": "products.book", "pk": 23, "fields": {"genre": 9, "sku": "309458345", "title": "The Shining", "author": "Stephen King", "publisher": "Hodder & Stoughton", "binding": "Paperback", "pages": "512", "description": "One of the true classics of horror fiction, The Shining is regarded as one of Stephen King's masterpieces.\r\n\r\nDanny is only five years old, but in the words of old Mr Hallorann, he is a 'shiner', aglow with psychic voltage. When his father becomes caretaker of the Overlook Hotel, Danny's visions grow out of control.\r\n\r\nAs winter closes in and blizzards cut them off, the hotel seems to develop a life of its own. It is meant to be empty. So who is the lady in Room 217 and who are the masked guests going up and down in the elevator? And why do the hedges shaped like animals seem so alive?\r\n\r\nSomewhere, somehow, there is an evil force in the hotel - and that, too, is beginning to shine...", "price": "9.99", "rating": "4.00", "image_url": "https://raw.githubusercontent.com/OlgaJ1989/bookworm-paradise/main/media/the-shining_azh4wrD.jpg", "image": "the-shining_azh4wrD.jpg"}}, {"model": "products.book", "pk": 24, "fields": {"genre": 9, "sku": "5983458", "title": "It", "author": "Stephen King", "publisher": "Hodder & Stoughton", "binding": "Paperback", "pages": "1184", "description": "The terror, which would not end for another twenty-eight years - if it ever did end – began, so far as I know or can tell, with a boat made from a sheet of newspaper floating down a gutter swollen with rain.\r\n\r\n'They float...and when you're down here with me, you'll float, too.'\r\n\r\nTo the children, the town was their whole world. To the adults, knowing better, Derry Maine was just their home town: familiar, well-ordered for the most part. A good place to live.\r\n\r\nIt is the children who see - and feel - what makes the small town of Derry so horribly different. In the storm drains, in the sewers, IT lurks, taking on the shape of every nightmare, each one's deepest dread. Sometimes IT reaches up, seizing, tearing, killing ...\r\n\r\nTime passes and the children grow up, move away and forget. Until they are called back, once more to confront IT as IT stirs and coils in the sullen depths of their memories, reaching up again to make their past nightmares a terrible present reality.\r\n\r\nKnown to many as the father of modern horror writing, Stephen King is the voice of the underbelly of small-town America for a generation of readers. Making his name as the author of cult classics (with an equally strong legacy of film adaptations) including  Carrie, The Shining, The Green Mile, IT, The Stand, Pet Cemetery, Under the Dome and The Tommyknockers as well as the bestselling Dark Tower series.", "price": "8.99", "rating": "4.00", "image_url": "https://raw.githubusercontent.com/OlgaJ1989/bookworm-paradise/main/media/it_TS7zdLK.jpg", "image": "it_TS7zdLK.jpg"}}, {"model": "products.book", "pk": 25, "fields": {"genre": 9, "sku": "2395835", "title": "Dracula", "author": "Bram Stoker", "publisher": "Wordsworth Editions Ltd", "binding": "Paperback", "pages": "352", "description": "'There he lay looking as if youth had been half-renewed, for the white hair and moustache were changed to dark iron-grey, the cheeks were fuller, and the white skin seemed ruby-red underneath; the mouth was redder than ever, for on the lips were gouts of fresh blood, which trickled from the corners of the mouth and ran over the chin and neck. Even the deep, burning eyes seemed set amongst the swollen flesh, for the lids and pouches underneath were bloated. It seemed as if the whole awful creature were simply gorged with blood; he lay like a filthy leech, exhausted with his repletion.'\r\n\r\nThus Bram Stoker, one of the greatest exponents of the supernatural narrative, describes the demonic subject of his chilling masterpiece Dracula, a truly iconic and unsettling tale of vampirism.", "price": "5.99", "rating": "5.00", "image_url": "https://raw.githubusercontent.com/OlgaJ1989/bookworm-paradise/main/media/dracula_UYyx4po.jpg", "image": "dracula_UYyx4po.jpg"}}, {"model": "products.book", "pk": 26, "fields": {"genre": 9, "sku": "2455667", "title": "The Haunting of Hill House", "author": "Shirley Jackson", "publisher": "Penguin Books Ltd", "binding": "Paperback", "pages": "256", "description": "The best-known of Shirley Jackson's novels and a major inspiration for writers like Neil Gaiman and Stephen King, The Haunting of Hill House is a chilling story of the power of fear.\r\n\r\nFour seekers have arrived at the rambling old pile known as Hill House: Dr. Montague, an occult scholar looking for solid evidence of psychic phenomena; Theodora, his lovely assistant; Luke, the future inheritor of the estate; and Eleanor, a friendless, fragile young woman with a dark past. As they begin to cope with horrifying occurrences beyond their control or understanding, they cannot possibly know what lies ahead. For Hill House is gathering its powers - and soon it will choose one of them to make its own. Twice filmed as The Haunting, and the inspiration for a new 10-part Netflix series, The Haunting of Hill House is a powerful work of slow-burning psychological horror.\r\n\r\nShirley Jackson was born in California in 1916. When her short story The Lottery was first published in the New Yorker in 1948, readers were so horrified they sent her hate mail; it has since become one of the most iconic American stories of all time. Her first novel, The Road Through the Wall, was published in the same year and was followed by five more: Hangsaman, The Bird's Nest, The Sundial, The Haunting of Hill House and We Have Always Lived in the Castle, widely seen as her masterpiece. Shirley Jackson died in her sleep at the age of 48.\r\n\r\nIf you enjoyed The Haunting of Hill House, you might like Jackson's We Have Always Lived in the Castle, also available in Penguin Modern Classics.", "price": "5.99", "rating": "5.00", "image_url": "https://raw.githubusercontent.com/OlgaJ1989/bookworm-paradise/main/media/the-haunting-of-hill-house_N3ifOP5.jpg", "image": "the-haunting-of-hill-house_N3ifOP5.jpg"}}, {"model": "products.book", "pk": 27, "fields": {"genre": 7, "sku": "235093845", "title": "Dune", "author": "Frank Herbert", "publisher": "Hodder & Stoughton", "binding": "Hardback", "pages": "592", "description": "Before The Matrix, before Star Wars, before Ender's Game and Neuromancer, there was Dune: winner of the prestigious Hugo and Nebula awards, and widely considered one of the greatest science fiction novels ever written.\r\n\r\nMelange, or 'spice', is the most valuable - and rarest - element in the universe; a drug that does everything from increasing a person's life-span to making interstellar travel possible. And it can only be found on a single planet: the inhospitable desert world Arrakis.\r\n\r\nWhoever controls Arrakis controls the spice. And whoever controls the spice controls the universe.\r\n\r\nWhen the Emperor transfers stewardship of Arrakis from the noble House Harkonnen to House Atreides, the Harkonnens fight back, murdering Duke Leto Atreides. Paul, his son, and Lady Jessica, his concubine, flee into the desert. On the point of death, they are rescued by a band for Fremen, the native people of Arrakis, who control Arrakis' second great resource: the giant worms that burrow beneath the burning desert sands.\r\n\r\nIn order to avenge his father and retake Arrakis from the Harkonnens, Paul must earn the trust of the Fremen and lead a tiny army against the innumerable forces aligned against them. And his journey will change the universe.", "price": "18.99", "rating": "5.00", "image_url": "https://raw.githubusercontent.com/OlgaJ1989/bookworm-paradise/main/media/dune_K9V7IOc.jpg", "image": "dune_K9V7IOc.jpg"}}, {"model": "products.book", "pk": 28, "fields": {"genre": 7, "sku": "2305-385", "title": "The Hitchhiker's Guide to the Galaxy", "author": "Douglas Adams", "publisher": "Pan Macmillan", "binding": "Paperback", "pages": "224", "description": "An international phenomenon and pop-culture classic, The Hitchhiker's Guide to the Galaxy has been a radio show, TV series, novel, stage play, comic book and film. Following the galactic (mis)adventures of Arthur Dent, Hitchhiker's in its various incarnations has captured the imaginations of curious minds around the world . . .\r\n\r\nIt's an ordinary Thursday lunchtime for Arthur Dent until his house gets demolished. The Earth follows shortly afterwards to make way for a new hyperspace express route, and his best friend has just announced that he's an alien. At this moment, they're hurtling through space with nothing but their towels and an innocuous-looking book inscribed, in large friendly letters, with the words: DON'T PANIC.\r\n\r\nThe weekend has only just begun . . .\r\n\r\nThis 42nd Anniversary Edition includes exclusive bonus material from the Douglas Adams archives, and an introduction by former Doctor Who showrunner, Russell T Davies.\r\n\r\nContinue Arthur Dent's intergalactic adventures in the rest of the trilogy with five parts: The Restaurant at the End of the Universe, Life, the Universe and Everything, So Long, and Thanks for All the Fish, and Mostly Harmless.\r\n\r\nPublisher: Pan Macmillan\r\nISBN: 9781529034523\r\nNumber of pages: 224", "price": "5.99", "rating": "2.50", "image_url": "https://raw.githubusercontent.com/OlgaJ1989/bookworm-paradise/main/media/the-hitchhikers-guide-to-the-galaxy.jpg", "image": "the-hitchhikers-guide-to-the-galaxy.jpg"}}, {"model": "products.book", "pk": 29, "fields": {"genre": 7, "sku": "394806", "title": "Cursed Bunny", "author": "Bora Chung", "publisher": "Honford Star", "binding": "Paperback", "pages": null, "description": "Cursed Bunny is a genre-defying collection of short stories by Korean author Bora Chung.\r\n\r\nBlurring the lines between magical realism, horror, and science-fiction, Chung uses elements of the fantastic and surreal to address the very real horrors and cruelties of patriarchy and capitalism in modern society.\r\n\r\nAnton Hur's translation skilfully captures the way Chung's prose effortlessly glides from being terrifying to wryly humorous.", "price": "7.99", "rating": "5.00", "image_url": "https://raw.githubusercontent.com/OlgaJ1989/bookworm-paradise/main/media/cursed-bunny_6rSFB0l.jpg", "image": "cursed-bunny_6rSFB0l.jpg"}}, {"model": "products.book", "pk": 30, "fields": {"genre": 7, "sku": "565445666", "title": "The Seven Deaths of Evelyn Hardcastle", "author": "Stuart Turton", "publisher": "Bloomsbury Publishing PLC", "binding": "Hardback", "pages": "544", "description": "Described as Gosford Park meets Inception, by way of Agatha Christie's Murder on the Orient Express, this is a novel unlike any other. One of the most highly-anticipated debuts of 2018, The Seven Deaths of Evelyn Hardcastle merges the glamour and intrigue of classic murder mystery tropes with an innovative, chinese box narrative that leaves the reader guessing until the very end. A brilliantly original high concept murder mystery from a fantastic new talent\r\n\r\nSomebody's going to be murdered at the ball tonight. It won't appear to be a murder and so the murderer won't be caught. Rectify that injustice and I'll show you the way out.'\r\n\r\nIt is meant to be a celebration but it ends in tragedy. As fireworks explode overhead, Evelyn Hardcastle, the young and beautiful daughter of the house, is killed. But Evelyn will not die just once.\r\n\r\nUntil Aiden - one of the guests summoned to Blackheath for the party - can solve her murder, the day will repeat itself, over and over again. Every time ending with the fateful pistol shot.\r\n\r\nThe only way to break this cycle is to identify the killer. But each time the day begins again, Aiden wakes in the body of a different guest. And someone is determined to prevent him ever escaping Blackheath...\r\n\r\n‘Original’, ‘unique’, ‘fiendishly clever’ and ‘remarkable’: critics have been knocked for six by Stuart Turton’s mind-blowing take on the country house thriller. The setup – a murder, a set of assembled guests – seems familiar, but the execution is anything but. Simply unmissable.", "price": "14.99", "rating": "4.00", "image_url": "https://raw.githubusercontent.com/OlgaJ1989/bookworm-paradise/main/media/the-seven-deaths-of-evelyn-hardcastle_eUS8rpN.jpg", "image": "the-seven-deaths-of-evelyn-hardcastle_eUS8rpN.jpg"}}, {"model": "products.book", "pk": 31, "fields": {"genre": 8, "sku": "12349876", "title": "Beautiful World, Where Are You", "author": "Sally Rooney", "publisher": "Faber & Faber", "binding": "Paperback", "pages": "352", "description": "Alice, a novelist, meets Felix, who works in a distribution warehouse, and asks him if he’d like to travel to Rome with her. In Dublin, her best friend Eileen is getting over a break-up, and slips back into flirting with Simon, a man she has known since childhood.\r\n\r\nAlice, Felix, Eileen and Simon are still young—but life is catching up with them. They desire each other, they delude each other, they get together, they break apart. They have sex, they worry about sex, they worry about their friendships and the world they live in. Are they standing in the last lighted room before the darkness, bearing witness to something? Will they find a way to believe in a beautiful world?", "price": "8.99", "rating": "3.00", "image_url": "https://raw.githubusercontent.com/OlgaJ1989/bookworm-paradise/main/media/beautiful-world-where-are-you_wyA18dm.jpg", "image": "beautiful-world-where-are-you_wyA18dm.jpg"}}, {"model": "products.book", "pk": 32, "fields": {"genre": 8, "sku": "49684738", "title": "The Seven Husbands of Evelyn Hugo", "author": "Taylor Jenkins Reid", "publisher": "Simon & Schuster Ltd", "binding": "Paperback", "pages": "400", "description": "From the author of Daisy Jones & The Six-an entrancing novel \"that speaks to the Marilyn Monroe and Elizabeth Taylor in us all\" (Kirkus Reviews), in which a legendary film actress reflects on her relentless rise to the top and the risks she took, the loves she lost, and the long-held secrets the public could never imagine.\r\n\r\nAging and reclusive Hollywood movie icon Evelyn Hugo is finally ready to tell the truth about her glamorous and scandalous life. But when she chooses unknown magazine reporter Monique Grant for the job, no one is more astounded than Monique herself. Why her? Why now?\r\n\r\nMonique is not exactly on top of the world. Her husband has left her, and her professional life is going nowhere. Regardless of why Evelyn has selected her to write her biography, Monique is determined to use this opportunity to jumpstart her career.\r\n\r\nSummoned to Evelyn's luxurious apartment, Monique listens in fascination as the actress tells her story. From making her way to Los Angeles in the 1950s to her decision to leave show business in the '80s, and, of course, the seven husbands along the way, Evelyn unspools a tale of ruthless ambition, unexpected friendship, and great forbidden love. Monique begins to feel a very real connection to the legendary star, but as Evelyn's story near its conclusion, it becomes clear that her life intersects with Monique's own in tragic and irreversible ways.\r\n\r\nA mesmerizing journey through the splendor of old Hollywood into the harsh realities of the present day as two women struggle with what it means and what it costs to face the truth.", "price": "8.99", "rating": "4.00", "image_url": "https://raw.githubusercontent.com/OlgaJ1989/bookworm-paradise/main/media/the-seven-husbands-of-evelyn-hugo_pp2rw7X.jpg", "image": "the-seven-husbands-of-evelyn-hugo_pp2rw7X.jpg"}}, {"model": "products.book", "pk": 33, "fields": {"genre": 8, "sku": "39857437585", "title": "Reminders of Him", "author": "Colleen Hoover", "publisher": "Amazon Publishing", "binding": "Hardback", "pages": "336", "description": "A troubled young mother yearns for a shot at redemption in this heart-breaking yet hopeful story from #1 New York Times bestselling author Colleen Hoover.\r\n\r\nAfter serving five years in prison for a tragic mistake, Kenna Rowan returns to the town where it all went wrong, hoping to reunite with her four-year-old daughter. But the bridges Kenna burned are proving impossible to rebuild. Everyone in her daughter’s life is determined to shut Kenna out, no matter how hard she works to prove herself.", "price": "15.99", "rating": "4.50", "image_url": "https://raw.githubusercontent.com/OlgaJ1989/bookworm-paradise/main/media/reminders-of-him_uSz7oQ9.jpg", "image": "reminders-of-him.PNG"}}, {"model": "products.book", "pk": 34, "fields": {"genre": 8, "sku": "395767493", "title": "It Ends With Us", "author": "Colleen Hoover", "publisher": "Simon & Schuster Ltd", "binding": "Paperback", "pages": "384", "description": "Sometimes the one who loves you is the one who hurts you the most.\r\n\r\nLily hasn't always had it easy, but that's never stopped her from working hard for the life she wants. She's come a long way from the small town in Maine where she grew up - she graduated from college, moved to Boston, and started her own business. So when she feels a spark with a gorgeous neurosurgeon named Ryle Kincaid, everything in Lily's life suddenly seems almost too good to be true.\r\n\r\nRyle is assertive, stubborn, maybe even a little arrogant. He's also sensitive, brilliant, and has a total soft spot for Lily, but Ryle's complete aversion to relationships is disturbing. Even as Lily finds herself becoming the exception to his \"no dating\" rule, she can't help but wonder what made him that way in the first place.\r\n\r\nAs questions about her new relationship overwhelm her, so do thoughts of Atlas Corrigan - her first love and a link to the past she left behind. He was her kindred spirit, her protector. When Atlas suddenly reappears, everything Lily has built with Ryle is threatened.\r\n\r\nWith this bold and deeply personal novel, It Ends With Us is a heart-wrenching story and an unforgettable tale of love that comes at the ultimate price.", "price": "7.99", "rating": "5.00", "image_url": "https://raw.githubusercontent.com/OlgaJ1989/bookworm-paradise/main/media/it-ends-with-us_NBnodAm.jpg", "image": "it-ends-with-us.png"}}, {"model": "products.book", "pk": 35, "fields": {"genre": 8, "sku": "396754939049", "title": "Book Lovers", "author": "Emily Henry", "publisher": "Penguin Books Ltd", "binding": "Hardback", "pages": "384", "description": "One summer. Two rivals. A plot twist they didn't see coming...\r\n\r\nNora is a cut-throat literary agent at the top of her game. Her whole life is books. Charlie is an editor with a gift for creating bestsellers. And he's Nora's work nemesis.\r\n\r\nNora has been through enough break-ups to know she's the woman men date before they find their happy-ever-after. That's why Nora's sister has persuaded her to swap her desk in the city for a month's holiday in Sunshine Falls, North Carolina. It's a small town straight out of a romance novel, but instead of meeting sexy lumberjacks, handsome doctors or cute bartenders, Nora keeps bumping into... Charlie.\r\n\r\nShe's no heroine. He's no hero. So can they take a page out of an entirely different book?\r\n\r\nSet over one sizzling August, Book Lovers is the new chemistry-filled 'rivals to lovers' romcom from New York Times #1 bestseller Emily Henry.", "price": "14.99", "rating": "4.50", "image_url": "https://raw.githubusercontent.com/OlgaJ1989/bookworm-paradise/main/media/book-lovers_W1J7wzQ.jpg", "image": "book-lovers_W1J7wzQ.jpg"}}, {"model": "products.book", "pk": 36, "fields": {"genre": 12, "sku": "36943040", "title": "Light Seekers", "author": "Femi Kayode", "publisher": "Bloomsbury Publishing PLC", "binding": "Hardback", "pages": "432", "description": "Winner of the 2019 UEA Crime Writing Prize, Lightseekers is the start of a major new crime series introducing investigative psychologist Dr Philip Taiwo.\r\n\r\nWhen three young students are brutally murdered in a Nigerian university town, their killings - and their killers - are caught on social media. The world knows who murdered them; what no one knows is why.\r\n\r\nAs the legal trial begins, investigative psychologist Philip Taiwo is contacted by the father of one of the boys, desperate for some answers to his son's murder. But Philip is an expert in crowd behaviour and violence, not a detective, and after travelling to the sleepy university town that bore witness to the killings, he soon feels dramatically out of his depth.\r\n\r\nWill he finally be able to uncover the truth of what happened to the Okiri Three?", "price": "14.99", "rating": "5.00", "image_url": "https://raw.githubusercontent.com/OlgaJ1989/bookworm-paradise/main/media/light-seekers.jpg", "image": "light-seekers.jpg"}}, {"model": "products.book", "pk": 37, "fields": {"genre": 10, "sku": "3984399", "title": "The Fair Botanists", "author": "Sara Sheridan", "publisher": "Hodder & Stoughton", "binding": "Hardback", "pages": "384", "description": "Could one rare plant hold the key to a thousand riches?\r\n\r\nIt's the summer of 1822 and Edinburgh is abuzz with rumours of King George IV's impending visit. In botanical circles, however, a different kind of excitement has gripped the city. In the newly-installed Botanic Garden, the Agave Americana plant looks set to flower - an event that only occurs once every few decades.\r\n\r\nWhen newly widowed Elizabeth arrives in Edinburgh to live with her late husband's aunt Clementina, she's determined to put her unhappy past in London behind her. As she settles into her new home, she becomes fascinated by the beautiful Botanic Garden which borders the grand house and offers her services as an artist to record the rare plant's impending bloom. In this pursuit, she meets Belle Brodie, a vivacious young woman with a passion for botany and the lucrative, dark art of perfume creation.\r\n\r\nBelle is determined to keep both her real identity and the reason for her interest the Garden secret from her new friend. But as Elizabeth and Belle are about to discover, secrets don't last long in this Enlightenment city...\r\n\r\nAnd when they are revealed, they can carry the greatest of consequences...", "price": "15.99", "rating": "4.50", "image_url": "https://raw.githubusercontent.com/OlgaJ1989/bookworm-paradise/main/media/the-fair-botanists", "image": "the-fair-botanists.jpg"}}, {"model": "products.book", "pk": 38, "fields": {"genre": 11, "sku": "38683949", "title": "The Poppy War", "author": "R. F. Kuang", "publisher": "HarperCollins Publishers", "binding": "Paperback", "pages": "544", "description": "A brilliantly imaginative epic fantasy debut, inspired by the bloody history of China's twentieth century and filled with treachery and magic.\r\n\r\nWhen Rin aced the Keju - the test to find the most talented students in the Empire - it was a shock to everyone: to the test officials, who couldn't believe a war orphan from Rooster Province could pass without cheating; to Rin's guardians, who had hoped to get rich by marrying her off; and to Rin herself, who realized she was finally free from a life of servitude. That she got into Sinegard - the most elite military school in Nikan - was even more surprising.\r\n\r\nBut surprises aren't always good.\r\n\r\nBecause being a dark-skinned peasant girl from the south is not an easy thing at Sinegard. Fighting the prejudice of rival classmates, Rin discovers that she possesses a lethal, unearthly power - an aptitude for the nearly-mythical art of shamanism. Exploring the depths of her gift with the help of psychoactive substances and a seemingly insane teacher, Rin learns that gods long thought dead are very much alive - and that mastering these powers could mean more than just surviving school.\r\n\r\nFor while the Nikara Empire is at peace, the Federation of Mugen still lurks across a narrow sea. The Federation occupied Nikan for decades after the First Poppy War, and only barely lost the continent in the Second. And while most people calmly go about their lives, a few are aware that a Third Poppy War is just a spark away...", "price": "8.99", "rating": "4.90", "image_url": "https://raw.githubusercontent.com/OlgaJ1989/bookworm-paradise/main/media/", "image": "the-poppy-war.jpg"}}, {"model": "products.book", "pk": 39, "fields": {"genre": 12, "sku": "695930359", "title": "April in Spain", "author": "John Banville", "publisher": "Faber & Faber", "binding": "Paperback", "pages": "368", "description": "The sumptuous, propulsive, sun-kissed follow up to the bestselling Snow, from the Booker Prize-winning author.\r\n\r\nHe wanted to know who she was, and why he was convinced he had some unremembered connection with her. It was as simple as that. But he knew it wasn't. It wasn't simple at all.\r\n\r\nWhen Dublin pathologist Quirke glimpses a familiar face while on holiday with his wife, it's hard, at first, to tell whether his imagination is just running away with him. Could she really be who he thinks she is, and have a connection with a crime that nearly brought ruin to an Irish political dynasty?\r\n\r\nUnable to ignore his instincts, Quirke makes a call back home and Detective St John Strafford is soon dispatched to Spain. But he's not the only one on route: as a terrifying hitman hunts down his prey, they are all set for a brutal showdown.", "price": "9.99", "rating": "5.00", "image_url": "https://raw.githubusercontent.com/OlgaJ1989/bookworm-paradise/main/media/april-in-spain.jpg", "image": "april-in-spain.jpg"}}, {"model": "products.book", "pk": 40, "fields": {"genre": 13, "sku": "496584949", "title": "Middlemarch", "author": "George Eliot", "publisher": "Vintage Publishing", "binding": "Paperback", "pages": "928", "description": "'If we had a keen vision and feeling of all ordinary human life...'\r\n\r\nDorothea is bright, beautiful, and rebellious. Lydgate is the ambitious new doctor in town. Both of them long to make a positive difference in the world. But their stories do not proceed as expected and both they and the other inhabitants of Middlemarch must struggle to reconcile themselves to their fates and find their places in the world.\r\n\r\nMiddlemarch contains all of life: the rich and the poor, the conventional and the radical, literature and science, politics and romance, but above all it gives us a vision of what lies within the human heart.", "price": "5.99", "rating": "3.90", "image_url": "https://raw.githubusercontent.com/OlgaJ1989/bookworm-paradise/main/media/middlemarch", "image": "middlemarch.jpg"}}, {"model": "products.book", "pk": 41, "fields": {"genre": 10, "sku": "6859409", "title": "Elektra", "author": "Jennifer Saint", "publisher": "Headline Publishing Group", "binding": "Hardback", "pages": "352", "description": "The House of Atreus is cursed. A bloodline tainted by a generational cycle of violence and vengeance. This is the story of three women, their fates inextricably tied to this curse, and the fickle nature of men and gods.\r\n\r\nClytemnestra. The sister of Helen, wife of Agamemnon - her hopes of averting the curse are dashed when her sister is taken to Troy by the feckless Paris. Her husband raises a great army against them, and determines to win, whatever the cost.\r\n\r\nCassandra. Princess of Troy, and cursed by Apollo to see the future but never to be believed when she speaks of it. She is powerless in her knowledge that the city will fall.\r\n\r\nElektra. The youngest daughter of Clytemnestra and Agamemnon, Elektra is horrified by the bloodletting of her kin. But, can she escape the curse, or is her own destiny also bound by violence?", "price": "17.99", "rating": "5.00", "image_url": "https://raw.githubusercontent.com/OlgaJ1989/bookworm-paradise/main/media/elektra", "image": "elektra.PNG"}}, {"model": "products.book", "pk": 42, "fields": {"genre": 8, "sku": "6859392", "title": "The Dance Tree", "author": "Kiran Millwood Hargrave", "publisher": "Pan Macmillan", "binding": "Hardback", "pages": "304", "description": "In Strasbourg, in the boiling hot summer of 1518, a plague strikes the women of the city. First it is just one - a lone figure, dancing in the main square - but she is joined by more and more and the city authorities declare an emergency. Musicians will be brought in. The devil will be danced out of these women.\r\n\r\nJust beyond the city's limits, pregnant Lisbet lives with her mother-in-law and husband, tending the bees that are their livelihood. Her best friend Ida visits regularly and Lisbet is so looking forward to sharing life and motherhood with her. And then, just as the first woman begins to dance in the city, Lisbet's sister-in-law Nethe returns from six years' penance in the mountains for an unknown crime. No one - not even Ida - will tell Lisbet what Nethe did all those years ago, and Nethe herself will not speak a word about it.\r\n\r\nIt is the beginning of a few weeks that will change everything for Lisbet - her understanding of what it is to love and be loved, and her determination to survive at all costs for the baby she is carrying. Lisbet and Nethe and Ida soon find themselves pushing at the boundaries of their existence - but they're dancing to a dangerous tune...\r\n\r\nFrom Kiran Millwood Hargrave, the bestselling author of The Mercies, The Dance Tree is a heart-stopping story of family secrets, forbidden love and women pushed to the edge.", "price": "19.99", "rating": "5.00", "image_url": "https://raw.githubusercontent.com/OlgaJ1989/bookworm-paradise/main/media/the-dance-tree", "image": "the-dance-tree_DAI8EUc.jpg"}}, {"model": "products.book", "pk": 43, "fields": {"genre": 12, "sku": "96859359", "title": "A Slow Fire Burning", "author": "Paula Hawkins", "publisher": "Transworld Publishers Ltd", "binding": "Paperback", "pages": "400", "description": "What is wrong with you?\r\n\r\nLaura has spent most of her life being judged. She’s seen as hot-tempered, troubled, a loner. Some even call her dangerous.\r\n\r\nMiriam knows that just because Laura is witnessed leaving the scene of a horrific murder with blood on her clothes, that doesn’t mean she’s a killer. Bitter experience has taught her how easy it is to get caught in the wrong place at the wrong time.\r\n\r\nCarla is reeling from the brutal murder of her nephew. She trusts no one: good people are capable of terrible deeds. But how far will she go to find peace?\r\n\r\nInnocent or guilty, everyone is damaged. Some are damaged enough to kill.\r\n\r\nLook what you started.", "price": "6.99", "rating": "4.80", "image_url": "https://raw.githubusercontent.com/OlgaJ1989/bookworm-paradise/main/media/a-slow-fire-burning.jpg", "image": "a-slow-fire-burning.jpg"}}, {"model": "products.book", "pk": 44, "fields": {"genre": 10, "sku": "13245768", "title": "Orphans of the Storm", "author": "Celia Imrie", "publisher": "Bloomsbury Publishing PLC", "binding": "Paperback", "pages": "416", "description": "Nice, France, 1911: After three years of marriage, young seamstress Marcela Caretto has finally had enough. Her husband, Michael, an ambitious tailor, has become cruel and controlling and she determines to get a divorce. But while awaiting the judges' decision on the custody of their two small boys, Michael receives news that changes everything. Meanwhile fun-loving New York socialite Margaret Hays is touring Europe with some friends. Restless, she resolves to head home aboard the most celebrated steamer in the world - RMS Titanic.\r\n\r\nAs the ship sets sail for America, carrying two infants bearing false names, the paths of Marcela, Michael and Margaret cross - and nothing will ever be the same again. From the Sunday Times-bestselling author, Celia Imrie, Orphans of the Storm dives into the waters of the past to unearth a sweeping, epic tale of the sinking of the Titanic that radiates with humanity and hums with life.", "price": "7.99", "rating": "3.90", "image_url": "https://raw.githubusercontent.com/OlgaJ1989/bookworm-paradise/main/media/orphans-of-the-storm,jpg", "image": "orphans-of-the-storm.jpg"}}, {"model": "products.book", "pk": 45, "fields": {"genre": 10, "sku": "97866442", "title": "The House of Fortune", "author": "Jessie Burton", "publisher": "Pan Macmillan", "binding": "Hardback", "pages": "400", "description": "The House of Fortune is the sequel to Jessie Burton's million copy bestselling The Miniaturist. Set in the golden city of Amsterdam in 1705, it is a story of fate and ambition, secrets and dreams, and one young woman's determination to rule her own destiny.\r\n\r\nThea Brandt is turning eighteen, and is ready to welcome adulthood with open arms. At the theatre, Walter, the love of her life, awaits her, but at home in the house on the Herengracht, winter has set in - her father Otto and Aunt Nella argue endlessly, and the Brandt family are selling their furniture in order to eat. On Thea's birthday, also the day that her mother Marin died, the secrets from the past begin to overwhelm the present.\r\n\r\nNella is desperate to save the family and maintain appearances, to find Thea a husband who will guarantee her future, and when they receive an invitation to Amsterdam's most exclusive ball, she is overjoyed - perhaps this will set their fortunes straight. And indeed, the ball does set things spinning: new figures enter their life, promising new futures. But their fates are still unclear, and when Nella feels a strange prickling sensation on the back of her neck, she wonders if the miniaturist has returned for her...", "price": "16.99", "rating": "4.50", "image_url": "https://raw.githubusercontent.com/OlgaJ1989/bookworm-paradise/main/media/the-house-of-fortune.jpg", "image": "the-house-of-fortune.jpg"}}, {"model": "products.book", "pk": 46, "fields": {"genre": 11, "sku": "695039576", "title": "Babel", "author": "R. F. Kuang", "publisher": "HarperCollins Publishers", "binding": "Hardback", "pages": "560", "description": "Oxford, 1836. The city of dreaming spires. It is the centre of all knowledge and progress in the world. And at its centre is Babel, the Royal Institute of Translation. The tower from which all the power of the Empire flows.\r\n\r\nOrphaned in Canton and brought to England by a mysterious guardian, Babel seemed like paradise to Robin Swift. Until it became a prison... but can a student stand against an empire?\r\n\r\nAn incendiary new novel from award-winning author R.F. Kuang about the power of language, the violence of colonialism, and the sacrifices of resistance.", "price": "14.99", "rating": "5.00", "image_url": "https://raw.githubusercontent.com/OlgaJ1989/bookworm-paradise/main/media/babel.jpg", "image": "babel.jpg"}}, {"model": "products.book", "pk": 47, "fields": {"genre": 11, "sku": "685943049", "title": "The Lord of the Rings", "author": "J. R. R. Tolkien", "publisher": "HarperCollins Publishers", "binding": "Paperback", "pages": "1216", "description": "Continuing the story begun in The Hobbit, all three parts of the epic masterpiece, The Lord of the Rings, in one paperback. Features the definitive edition of the text, fold-out flaps with the original two-colour maps, and a revised and expanded index.\r\n\r\nSauron, the Dark Lord, has gathered to him all the Rings of Power - the means by which he intends to rule Middle-earth. All he lacks in his plans for dominion is the One Ring - the ring that rules them all - which has fallen into the hands of the hobbit, Bilbo Baggins.\r\n\r\nIn a sleepy village in the Shire, young Frodo Baggins finds himself faced with an immense task, as the Ring is entrusted to his care. He must leave his home and make a perilous journey across the realms of Middle-earth to the Crack of Doom, deep inside the territories of the Dark Lord. There he must destroy the Ring forever and foil the Dark Lord in his evil purpose.\r\n\r\nSince it was first published in 1954, The Lord of the Rings has been a book people have treasured. Steeped in unrivalled magic and otherworldliness, its sweeping fantasy has touched the hearts of young and old alike.\r\n\r\nThis single-volume paperback edition is the definitive text, fully restored with almost 400 corrections - with the full co-operation of Christopher Tolkien - and features a striking new cover.", "price": "21.99", "rating": "5.00", "image_url": "https://raw.githubusercontent.com/OlgaJ1989/bookworm-paradise/main/media/the-lord-of-the-rings.jpg", "image": "the-lord-of-the-rings.jpg"}}, {"model": "products.book", "pk": 48, "fields": {"genre": 11, "sku": "3857784", "title": "The Silmarillion", "author": "J. R. R. Tolkien", "publisher": "HarperCollins Publishers", "binding": "Hardback", "pages": "480", "description": "For the first time ever, a very special edition of the forerunner to The Lord of the Rings, illustrated throughout in colour by J.R.R. Tolkien himself and with the complete text printed in two colours.\r\n\r\nThe Silmarilli were three perfect jewels, fashioned by Feanor, most gifted of the Elves, and within them was imprisoned the last Light of the Two Trees of Valinor. But the first Dark Lord, Morgoth, stole the jewels and set them within his iron crown, guarded in the impenetrable fortress of Angband in the north of Middle-earth.\r\n\r\nThe Silmarillion is the history of the rebellion of Feanor and his kindred against the gods, their exile from Valinor and return to Middle-earth, and their war, hopeless despite all the heroism, against the great Enemy. It is the ancient drama to which the characters in The Lord of the Rings look back, and in whose events some of them such as Elrond and Galadriel took part.\r\n\r\nThe book also includes several shorter works: the Ainulindale, a myth of the Creation, and the Valaquenta, in which the nature and powers of each of the gods is described. The Akallabeth recounts the downfall of the great island kingdom of Numenor at the end of the Second Age, and Of the Rings of Power tells of the great events at the end of the Third Age, as narrated in The Lord of the Rings.\r\n\r\nTolkien could not publish The Silmarillion in his lifetime, as it grew with him, so he would leave it to his son, Christopher Tolkien, to edit the work from many manuscripts and bring his father's great vision to publishable form, so completing the literary achievement of a lifetime. This special edition presents anew this seminal first step towards mapping out the posthumous publishing of Middle-earth, and the beginning of an illustrious forty years and more than twenty books celebrating his father's legacy.\r\n\r\nThis definitive new edition includes, by way of an introduction, a letter written by Tolkien in 1951 which provides a brilliant exposition of the earlier Ages, and for the first time in its history is presented with J.R.R. Tolkien's own paintings and drawings, which reveal the breathtaking grandeur and beauty of his vision of the First Age of Middle-earth.", "price": "44.99", "rating": "5.00", "image_url": "https://raw.githubusercontent.com/OlgaJ1989/bookworm-paradise/main/media/the-silmarillion.jpg", "image": "the-silmarillion.jpg"}}, {"model": "products.book", "pk": 49, "fields": {"genre": 13, "sku": "1239763", "title": "The Great Gatsby", "author": "F. Scott Fitzgerald", "publisher": "Penguin Books Ltd", "binding": "Paperback", "pages": "240", "description": "Young, handsome and fabulously rich, Jay Gatsby is the bright star of the Jazz Age, but as writer Nick Carraway is drawn into the decadent orbit of his Long Island mansion, where the party never seems to end, he finds himself faced by the mystery of Gatsby's origins and desires.\r\n\r\nBeneath the shimmering surface of his life, Gatsby is hiding a secret: a silent longing that can never be fulfilled. And soon, this destructive obsession will force his world to unravel.\r\n\r\nIn The Great Gatsby, Fitzgerald brilliantly captures both the disillusionment of post-war America and the moral failure of a society obsessed with wealth and status. But he does more than render the essence of a particular time and place, for - in chronicling Gatsby's tragic pursuit of his dream - Fitzgerald re-creates the universal conflict between illusion and reality.", "price": "6.99", "rating": "4.60", "image_url": "https://raw.githubusercontent.com/OlgaJ1989/bookworm-paradise/main/media/the-great-gatsby.jpg", "image": "the-great-gatsby.jpg"}}, {"model": "products.book", "pk": 50, "fields": {"genre": 13, "sku": "8938576", "title": "Animal Farm", "author": "George Orwell", "publisher": "Penguin Books Ltd", "binding": "Paperback", "pages": "112", "description": "Mr Jones of Manor Farm is so lazy and drunken that one day he forgets to feed his livestock. The ensuing rebellion under the leadership of the pigs Napoleon and Snowball leads to the animals taking over the farm. Vowing to eliminate the terrible inequities of the farmyard, the renamed Animal Farm is organised to benefit all who walk on four legs. But as time passes, the ideals of the rebellion are corrupted, then forgotten. And something new and unexpected emerges. . .", "price": "8.99", "rating": "3.90", "image_url": "https://raw.githubusercontent.com/OlgaJ1989/bookworm-paradise/main/media/animal-farm.jpg", "image": "animal-farm.png"}}, {"model": "products.book", "pk": 51, "fields": {"genre": 12, "sku": "684030486", "title": "And Then There Were None", "author": "Agatha Christie", "publisher": "HarperCollins Publishers", "binding": "Paperback", "pages": "256", "description": "1939. Europe teeters on the brink of war. Ten strangers are invited to Soldier Island, an isolated rock near the Devon coast. Cut off from the mainland, with their generous hosts Mr and Mrs U.N. Owen mysteriously absent, they are each accused of a terrible crime. When one of the party dies suddenly they realise they may be harbouring a murderer among their number.\r\n\r\nThe 10 strangers include a reckless playboy, a troubled Harley Street doctor, a formidable judge, an uncouth detective, an unscrupulous mercenary, a God-fearing spinster, two restless servants, a highly decorated general and an anxious secretary. One by one they are picked off. Who will survive? And who is the killer? Copies of an ominous nursery rhyme hang in each room, the murders mimicking the awful fates of its 'Ten Little Soldier Boys'.", "price": "8.99", "rating": "4.60", "image_url": "https://raw.githubusercontent.com/OlgaJ1989/bookworm-paradise/main/media/and-then-there-were-none.jpg", "image": "and-then-there-were-none.jpg"}}, {"model": "products.book", "pk": 52, "fields": {"genre": 13, "sku": "39586849", "title": "The Master and Margarita", "author": "Mikhail Bulgakov", "publisher": "Alma Books Ltd", "binding": "Paperback", "pages": "448", "description": "Russia's literary world is shaken to its foundations when a mysterious gentleman - a professor of black magic - arrives in Moscow, accompanied by a bizarre retinue of servants. It soon becomes clear that he is the Devil himself, come to wreak havoc among the cultural elite of a disbelieving capital. But the Devil's mission quickly becomes entangled with the fate of the Master - a man who has turned his back on his former life and taken refuge in a lunatic asylum - and his past lover, Margarita. Both a satirical romp and a daring analysis of the nature of good and evil, innocence and guilt, The Master and Margarita is the crowning achievement of one of the greatest Russian writers of the twentieth century.", "price": "5.99", "rating": "3.90", "image_url": "https://raw.githubusercontent.com/OlgaJ1989/bookworm-paradise/main/media/the-master-and-margarita.jpg", "image": "the-master-and-margarita.jpg"}}, {"model": "products.book", "pk": 53, "fields": {"genre": 8, "sku": "3958748", "title": "PS, I Love You", "author": "Cecelia Ahern", "publisher": "HarperCollins Publishers", "binding": "Paperback", "pages": "512", "description": "Some people wait their whole lives to find their soul mates. But not Holly and Gerry. Childhood sweethearts, they could finish each other's sentences. No one could ever imagine them without each other.\r\n\r\nWhen Gerry dies, Holly is devastated. But Gerry has left her a bundle of notes, one for each month of her year, each signed 'PS, I Love You'.\r\n\r\nAs the notes are opened, the man who knows Holly better than anyone teaches her that life goes on. With some help from friends and family, Holly laughs, cries and finds that life is for living - but it helps if there's someone watching over you.", "price": "8.99", "rating": "3.50", "image_url": "https://raw.githubusercontent.com/OlgaJ1989/bookworm-paradise/main/media/ps-i-love-you", "image": "ps-i-love-you.jpg"}}, {"model": "products.book", "pk": 54, "fields": {"genre": 8, "sku": "39868483", "title": "Bridgerton: The Duke and I", "author": "Julia Quinn", "publisher": "Little, Brown Book Group", "binding": "Paperback", "pages": "352", "description": "In the ballrooms and drawing rooms of Regency London, rules abound. From their earliest days, children of aristocrats learn how to address an earl and curtsey before a prince - while other dictates of the ton are unspoken yet universally understood. A proper duke should be imperious and aloof. A young, marriageable lady should be amiable . . . but not too amiable.\r\n\r\nDaphne Bridgerton has always failed at the latter. The fourth of eight siblings in her close-knit family, she has formed friendships with the most eligible young men in London. Everyone likes Daphne for her kindness and wit. But no one truly desires her. She is simply too deuced honest for that, too unwilling to play the romantic games that captivate gentlemen.\r\n\r\nAmiability is not a characteristic shared by Simon Basset, Duke of Hastings. Recently returned to England from abroad, he intends to shun both marriage and society - just as his callous father shunned Simon throughout his painful childhood. Yet an encounter with his best friend's sister offers another option. If Daphne agrees to a fake courtship, Simon can deter the mamas who parade their daughters before him. Daphne, meanwhile, will see her prospects and her reputation soar.\r\n\r\nThe plan works like a charm at first. But amid the glittering, gossipy, cut-throat world of London's elite, there is only one certainty: love ignores every rule . . .", "price": "6.99", "rating": null, "image_url": "https://raw.githubusercontent.com/OlgaJ1989/bookworm-paradise/main/media/bridgerton", "image": "bridgerton.png"}}, {"model": "products.review", "pk": 1, "fields": {"book": 31, "author": 1, "title": "Another disappointment", "body": "I didn't like Ms Rooney's famous 'Normal People' much but I thought I'd give her another chance. I don't know why I torture myself! The book was sooo boring.\r\n\r\nOn a positive note, the delivery was super fast :)", "posted_on": "2022-07-02T18:50:27.473Z"}}, {"model": "products.review", "pk": 2, "fields": {"book": 43, "author": 1, "title": "A great read", "body": "A gripping thriller, definitely worth a read!", "posted_on": "2022-07-12T20:38:13.991Z"}}, {"model": "products.review", "pk": 3, "fields": {"book": 43, "author": 1, "title": "Gripping thriller", "body": "Keeps you at the edge of your seat - you won't be able to put it down!", "posted_on": "2022-07-13T19:42:28.155Z"}}, {"model": "products.review", "pk": 7, "fields": {"book": 1, "author": 1, "title": "A great follow-up to the Silence of the Girls", "body": "A great second instalment in Barker's series about the fall of Troy. Highly recommended!", "posted_on": "2022-07-14T18:48:14.625Z"}}, {"model": "products.review", "pk": 8, "fields": {"book": 1, "author": 1, "title": "For fans of Greek mythology", "body": "If you like Greek mythology, you should get this book. You will not be disappointed! One of the best novels about the sacking of Troy.", "posted_on": "2022-07-14T18:50:58.566Z"}}, {"model": "products.review", "pk": 25, "fields": {"book": 51, "author": 1, "title": "A must-read for fans of Christie's work!", "body": "Keeps you at the edge of your seat.", "posted_on": "2022-07-16T13:56:21.221Z"}}, {"model": "products.review", "pk": 39, "fields": {"book": 4, "author": 1, "title": "An enchanting read!", "body": "I was suspicious of this book as I don't normally choose the hyped-up ones - I expect too much and end up disappointed. Well, I'm glad I picked this one up! It kept me engaged to the last page.", "posted_on": "2022-07-16T21:29:05.016Z"}}, {"model": "products.review", "pk": 41, "fields": {"book": 16, "author": 1, "title": "Scarily relevant book...", "body": "It's like the author knew what the world will come to before we did.", "posted_on": "2022-07-18T18:08:16.296Z"}}, {"model": "checkout.order", "pk": 1, "fields": {"order_number": "0EEBE2FDCC9446EABE2E2D37726C73F6", "user_profile": null, "full_name": "test", "email": "olgajasinska89@hotmail.co.uk", "phone_number": "098654", "country": "UK", "postcode": "test", "town_or_city": "test", "street_address1": "test", "street_address2": "test", "county": "test", "date": "2022-07-17T18:12:31.527Z", "delivery_cost": "3.40", "order_total": "33.97", "grand_total": "37.37", "original_cart": "", "stripe_pid": ""}}, {"model": "checkout.order", "pk": 2, "fields": {"order_number": "E8E1A01E7A9341FD8B12D6C783097DD1", "user_profile": null, "full_name": "test", "email": "test@email.com", "phone_number": "098654", "country": "UK", "postcode": "test", "town_or_city": "test", "street_address1": "test", "street_address2": "test", "county": "test", "date": "2022-07-17T18:16:46.591Z", "delivery_cost": "4.00", "order_total": "39.97", "grand_total": "43.97", "original_cart": "", "stripe_pid": ""}}, {"model": "checkout.order", "pk": 10, "fields": {"order_number": "ACC9494968654CC38DC27445CFBBB857", "user_profile": null, "full_name": "test", "email": "test@email.com", "phone_number": "07821125318", "country": "GB", "postcode": "test", "town_or_city": "test", "street_address1": "test", "street_address2": "test", "county": "test", "date": "2022-07-18T19:14:44.995Z", "delivery_cost": "0.80", "order_total": "7.99", "grand_total": "8.79", "original_cart": "", "stripe_pid": "pi_3LMzO7BBe3oUHbWG1c8dZVP9"}}, {"model": "checkout.order", "pk": 11, "fields": {"order_number": "5BD51F7690A34D94954E179A4BCC4781", "user_profile": null, "full_name": "test", "email": "test@email.com", "phone_number": "098654", "country": "GB", "postcode": "test", "town_or_city": "test", "street_address1": "test", "street_address2": "test", "county": "test", "date": "2022-07-18T19:22:26.612Z", "delivery_cost": "0.80", "order_total": "7.99", "grand_total": "8.79", "original_cart": "", "stripe_pid": "pi_3LMzVbBBe3oUHbWG03rU7FGn"}}, {"model": "checkout.order", "pk": 12, "fields": {"order_number": "CE67E92A60764524A1EF094C5E17788F", "user_profile": null, "full_name": "test", "email": "test@email.com", "phone_number": "098654", "country": "GB", "postcode": "test", "town_or_city": "test", "street_address1": "test", "street_address2": "test", "county": "test", "date": "2022-07-18T19:26:56.089Z", "delivery_cost": "0.80", "order_total": "7.99", "grand_total": "8.79", "original_cart": "{\"15\": 1}", "stripe_pid": "pi_3LMza1BBe3oUHbWG0Pr3Sjyg"}}, {"model": "checkout.order", "pk": 13, "fields": {"order_number": "7B82A724FE6041ACA4FED57C7946E942", "user_profile": null, "full_name": "test", "email": "test@email.com", "phone_number": "07821125318", "country": "GB", "postcode": "test", "town_or_city": "Brighton", "street_address1": "test", "street_address2": "test", "county": "test", "date": "2022-07-18T19:58:28.562Z", "delivery_cost": "1.50", "order_total": "14.99", "grand_total": "16.49", "original_cart": "{\"3\": 1}", "stripe_pid": "pi_3LMz7RBBe3oUHbWG0mYEOcjO"}}, {"model": "checkout.order", "pk": 14, "fields": {"order_number": "2FF14C78A5984CF4B04E3A286E30E6D2", "user_profile": null, "full_name": "test", "email": "test@email.com", "phone_number": "07821125318", "country": "GB", "postcode": "test", "town_or_city": "test", "street_address1": "test", "street_address2": "test", "county": "test", "date": "2022-07-18T20:14:57.880Z", "delivery_cost": "0.80", "order_total": "7.99", "grand_total": "8.79", "original_cart": "{\"2\": 1}", "stripe_pid": "pi_3LMzO7BBe3oUHbWG1c8dZVP9"}}, {"model": "checkout.order", "pk": 15, "fields": {"order_number": "35AD6A80E74448358E21F92EA048B5F1", "user_profile": null, "full_name": "test", "email": "test@email.com", "phone_number": "098654", "country": "GB", "postcode": "test", "town_or_city": "test", "street_address1": "test", "street_address2": "test", "county": "test", "date": "2022-07-18T20:22:41.990Z", "delivery_cost": "0.80", "order_total": "7.99", "grand_total": "8.79", "original_cart": "{\"2\": 1}", "stripe_pid": "pi_3LMzVbBBe3oUHbWG03rU7FGn"}}, {"model": "checkout.order", "pk": 16, "fields": {"order_number": "0CCEA9D6D64443BFBE5EA7D7C41E647D", "user_profile": null, "full_name": "Olga Jasinska", "email": "olgajasinska89@hotmail.co.uk", "phone_number": "07821125318", "country": "GB", "postcode": "BN2 1AU", "town_or_city": "Brighton", "street_address1": "23 Burlington Street", "street_address2": "Flat 3", "county": "East Sussex", "date": "2022-07-18T21:11:52.326Z", "delivery_cost": "2.50", "order_total": "24.98", "grand_total": "27.48", "original_cart": "{\"30\": 1, \"4\": 1}", "stripe_pid": "pi_3LMyMvBBe3oUHbWG1GlrFk0z"}}, {"model": "checkout.order", "pk": 18, "fields": {"order_number": "E7A3FBA0E7EC448EBCD29534019FD79C", "user_profile": null, "full_name": "Olga Jasinska", "email": "olgajasinska89@hotmail.co.uk", "phone_number": "07821125318", "country": "BS", "postcode": "test", "town_or_city": "test", "street_address1": "test", "street_address2": null, "county": null, "date": "2022-07-19T18:38:15.695Z", "delivery_cost": "0.00", "order_total": "52.96", "grand_total": "52.96", "original_cart": "{\"3\": 2, \"19\": 1, \"40\": 1}", "stripe_pid": "pi_3LNLIIBBe3oUHbWG0R6NEyeF"}}, {"model": "checkout.order", "pk": 20, "fields": {"order_number": "DBF672C3D4C5486EBB0A434B3A30F0EE", "user_profile": 1, "full_name": "Olga Jasinska", "email": "olgajasinska89@hotmail.co.uk", "phone_number": "012345", "country": "US", "postcode": "42424", "town_or_city": "Brighton", "street_address1": "1234 Test Street", "street_address2": "Flat 1234", "county": "East Sussex", "date": "2022-07-20T21:51:22.439Z", "delivery_cost": "3.90", "order_total": "38.97", "grand_total": "42.87", "original_cart": "{\"4\": 1, \"50\": 1, \"42\": 1}", "stripe_pid": "pi_3LNkmHBBe3oUHbWG1CMTzYvd"}}, {"model": "checkout.order", "pk": 28, "fields": {"order_number": "C7341E4B4C48435687976B1FDBC55387", "user_profile": null, "full_name": "Test", "email": "test@email.com", "phone_number": "test", "country": "BB", "postcode": "test", "town_or_city": "test", "street_address1": "test", "street_address2": "test", "county": "test", "date": "2022-07-25T21:09:34.412Z", "delivery_cost": "0.80", "order_total": "7.99", "grand_total": "8.79", "original_cart": "{\"2\": 1}", "stripe_pid": "pi_3LPYWHBBe3oUHbWG10WhRMb2"}}, {"model": "checkout.order", "pk": 29, "fields": {"order_number": "22E1E13AA37A4E0CB1A3495B59D95679", "user_profile": null, "full_name": "Daisy McGirr", "email": "mcgirr.daisy@gmail.com", "phone_number": "0560254212", "country": "GB", "postcode": "BG45435", "town_or_city": "Ballycastle", "street_address1": "41 Fake Road", "street_address2": null, "county": "Antrim", "date": "2022-07-25T21:45:16.257Z", "delivery_cost": "1.70", "order_total": "16.99", "grand_total": "18.69", "original_cart": "{\"1\": 1}", "stripe_pid": "pi_3LPZ4rBBe3oUHbWG1hOeVqA4"}}, {"model": "checkout.orderlineitem", "pk": 1, "fields": {"order": 1, "book": 2, "quantity": 1, "lineitem_total": "7.99"}}, {"model": "checkout.orderlineitem", "pk": 2, "fields": {"order": 1, "book": 4, "quantity": 1, "lineitem_total": "9.99"}}, {"model": "checkout.orderlineitem", "pk": 3, "fields": {"order": 1, "book": 1, "quantity": 1, "lineitem_total": "15.99"}}, {"model": "checkout.orderlineitem", "pk": 4, "fields": {"order": 2, "book": 3, "quantity": 1, "lineitem_total": "14.99"}}, {"model": "checkout.orderlineitem", "pk": 5, "fields": {"order": 2, "book": 27, "quantity": 1, "lineitem_total": "18.99"}}, {"model": "checkout.orderlineitem", "pk": 6, "fields": {"order": 2, "book": 28, "quantity": 1, "lineitem_total": "5.99"}}, {"model": "checkout.orderlineitem", "pk": 21, "fields": {"order": 10, "book": 2, "quantity": 1, "lineitem_total": "7.99"}}, {"model": "checkout.orderlineitem", "pk": 22, "fields": {"order": 11, "book": 2, "quantity": 1, "lineitem_total": "7.99"}}, {"model": "checkout.orderlineitem", "pk": 23, "fields": {"order": 12, "book": 15, "quantity": 1, "lineitem_total": "7.99"}}, {"model": "checkout.orderlineitem", "pk": 24, "fields": {"order": 13, "book": 3, "quantity": 1, "lineitem_total": "14.99"}}, {"model": "checkout.orderlineitem", "pk": 25, "fields": {"order": 14, "book": 2, "quantity": 1, "lineitem_total": "7.99"}}, {"model": "checkout.orderlineitem", "pk": 26, "fields": {"order": 15, "book": 2, "quantity": 1, "lineitem_total": "7.99"}}, {"model": "checkout.orderlineitem", "pk": 27, "fields": {"order": 16, "book": 30, "quantity": 1, "lineitem_total": "14.99"}}, {"model": "checkout.orderlineitem", "pk": 28, "fields": {"order": 16, "book": 4, "quantity": 1, "lineitem_total": "9.99"}}, {"model": "checkout.orderlineitem", "pk": 30, "fields": {"order": 18, "book": 3, "quantity": 2, "lineitem_total": "29.98"}}, {"model": "checkout.orderlineitem", "pk": 31, "fields": {"order": 18, "book": 19, "quantity": 1, "lineitem_total": "16.99"}}, {"model": "checkout.orderlineitem", "pk": 32, "fields": {"order": 18, "book": 40, "quantity": 1, "lineitem_total": "5.99"}}, {"model": "checkout.orderlineitem", "pk": 34, "fields": {"order": 20, "book": 4, "quantity": 1, "lineitem_total": "9.99"}}, {"model": "checkout.orderlineitem", "pk": 35, "fields": {"order": 20, "book": 50, "quantity": 1, "lineitem_total": "8.99"}}, {"model": "checkout.orderlineitem", "pk": 36, "fields": {"order": 20, "book": 42, "quantity": 1, "lineitem_total": "19.99"}}, {"model": "checkout.orderlineitem", "pk": 45, "fields": {"order": 28, "book": 2, "quantity": 1, "lineitem_total": "7.99"}}, {"model": "checkout.orderlineitem", "pk": 46, "fields": {"order": 29, "book": 1, "quantity": 1, "lineitem_total": "16.99"}}, {"model": "profiles.userprofile", "pk": 1, "fields": {"user": 1, "default_phone_number": "012345", "default_street_address1": "1234 Test Street", "default_street_address2": "Flat 1234", "default_town_or_city": "Brighton", "default_county": "East Sussex", "default_postcode": "42424", "default_country": "US"}}, {"model": "contact.contact", "pk": 1, "fields": {"full_name": "test", "email": "test@email.com", "phone_number": "07821125318", "message": "test", "sent_on": "2022-07-27T11:06:55.345Z"}}, {"model": "contact.contact", "pk": 2, "fields": {"full_name": "test", "email": "test@email.com", "phone_number": "test", "message": "test", "sent_on": "2022-07-27T12:04:18.637Z"}}]